Slurm logs will be saved in: /cluster/project/beltrao/kdammer/master_thesis/scripts/af3-template-analysis_from_ubnAF3Benchmark/af3-template-analysis/slurm_logs
Scanning for unique, UNPROCESSED proteins (case-insensitive)...
  [QUEUE] Found new protein to process: BUB3
  [QUEUE] Found new protein to process: D6VTK4
  [QUEUE] Found new protein to process: O13297
  [QUEUE] Found new protein to process: O13516
  [QUEUE] Found new protein to process: O13525
  [QUEUE] Found new protein to process: O13539
  [QUEUE] Found new protein to process: O13563
  [QUEUE] Found new protein to process: O14455
  [QUEUE] Found new protein to process: O14464
  [QUEUE] Found new protein to process: O14467
  [QUEUE] Found new protein to process: O14468
  [QUEUE] Found new protein to process: O74700
  [QUEUE] Found new protein to process: O75012
  [QUEUE] Found new protein to process: O94742
  [QUEUE] Found new protein to process: P00127
  [QUEUE] Found new protein to process: P00128
  [QUEUE] Found new protein to process: P00163
  [QUEUE] Found new protein to process: P00330
  [QUEUE] Found new protein to process: P00331
  [QUEUE] Found new protein to process: P00358
  [QUEUE] Found new protein to process: P00359
  [QUEUE] Found new protein to process: P00360
  [QUEUE] Found new protein to process: P00401
  [QUEUE] Found new protein to process: P00410
  [QUEUE] Found new protein to process: P00420
  [QUEUE] Found new protein to process: P00424
  [QUEUE] Found new protein to process: P00427
  [QUEUE] Found new protein to process: P00431
  [QUEUE] Found new protein to process: P00445
  [QUEUE] Found new protein to process: P00546
  [QUEUE] Found new protein to process: P00549
  [QUEUE] Found new protein to process: P00560
  [QUEUE] Found new protein to process: P00724
  [QUEUE] Found new protein to process: P00729
  [QUEUE] Found new protein to process: P00812
  [QUEUE] Found new protein to process: P00815
  [QUEUE] Found new protein to process: P00817
  [QUEUE] Found new protein to process: P00830
  [QUEUE] Found new protein to process: P00854
  [QUEUE] Found new protein to process: P00856
  [QUEUE] Found new protein to process: P00899
  [QUEUE] Found new protein to process: P00924
  [QUEUE] Found new protein to process: P00925
  [QUEUE] Found new protein to process: P00927
  [QUEUE] Found new protein to process: P00931
  [QUEUE] Found new protein to process: P00937
  [QUEUE] Found new protein to process: P00942
  [QUEUE] Found new protein to process: P00950
  [QUEUE] Found new protein to process: P00958
  [QUEUE] Found new protein to process: P01123
  [QUEUE] Found new protein to process: P02293
  [QUEUE] Found new protein to process: P02294
  [QUEUE] Found new protein to process: P02309
  [QUEUE] Found new protein to process: P02381
  [QUEUE] Found new protein to process: P02400
  [QUEUE] Found new protein to process: P02406
  [QUEUE] Found new protein to process: P02407
  [QUEUE] Found new protein to process: P02557
  [QUEUE] Found new protein to process: P02829
  [QUEUE] Found new protein to process: P02992
  [QUEUE] Found new protein to process: P02994
  [QUEUE] Found new protein to process: P03874
  [QUEUE] Found new protein to process: P03879
  [QUEUE] Found new protein to process: P03965
  [QUEUE] Found new protein to process: P04037
  [QUEUE] Found new protein to process: P04046
  [QUEUE] Found new protein to process: P04050
  [QUEUE] Found new protein to process: P04051
  [QUEUE] Found new protein to process: P04147
  [QUEUE] Found new protein to process: P04385
  [QUEUE] Found new protein to process: P04386
  [QUEUE] Found new protein to process: P04387
  [QUEUE] Found new protein to process: P04449
  [QUEUE] Found new protein to process: P04456
  [QUEUE] Found new protein to process: P04650
  [QUEUE] Found new protein to process: P04786
  [QUEUE] Found new protein to process: P04801
  [QUEUE] Found new protein to process: P04802
  [QUEUE] Found new protein to process: P04806
  [QUEUE] Found new protein to process: P04807
  [QUEUE] Found new protein to process: P04821
  [QUEUE] Found new protein to process: P04840
  [QUEUE] Found new protein to process: P04911
  [QUEUE] Found new protein to process: P04912
  [QUEUE] Found new protein to process: P05030
  [QUEUE] Found new protein to process: P05085
  [QUEUE] Found new protein to process: P05150
  [QUEUE] Found new protein to process: P05317
  [QUEUE] Found new protein to process: P05318
  [QUEUE] Found new protein to process: P05319
  [QUEUE] Found new protein to process: P05374
  [QUEUE] Found new protein to process: P05453
  [QUEUE] Found new protein to process: P05626
  [QUEUE] Found new protein to process: P05694
  [QUEUE] Found new protein to process: P05737
  [QUEUE] Found new protein to process: P05738
  [QUEUE] Found new protein to process: P05739
  [QUEUE] Found new protein to process: P05740
  [QUEUE] Found new protein to process: P05743
  [QUEUE] Found new protein to process: P05744
  [QUEUE] Found new protein to process: P05745
  [QUEUE] Found new protein to process: P05747
  [QUEUE] Found new protein to process: P05748
  [QUEUE] Found new protein to process: P05749
  [QUEUE] Found new protein to process: P05750
  [QUEUE] Found new protein to process: P05755
  [QUEUE] Found new protein to process: P05756
  [QUEUE] Found new protein to process: P05759
  [QUEUE] Found new protein to process: P05986
  [QUEUE] Found new protein to process: P06100
  [QUEUE] Found new protein to process: P06102
  [QUEUE] Found new protein to process: P06103
  [QUEUE] Found new protein to process: P06104
  [QUEUE] Found new protein to process: P06105
  [QUEUE] Found new protein to process: P06168
  [QUEUE] Found new protein to process: P06169
  [QUEUE] Found new protein to process: P06208
  [QUEUE] Found new protein to process: P06242
  [QUEUE] Found new protein to process: P06243
  [QUEUE] Found new protein to process: P06244
  [QUEUE] Found new protein to process: P06245
  [QUEUE] Found new protein to process: P06367
  [QUEUE] Found new protein to process: P06700
  [QUEUE] Found new protein to process: P06701
  [QUEUE] Found new protein to process: P06704
  [QUEUE] Found new protein to process: P06774
  [QUEUE] Found new protein to process: P06777
  [QUEUE] Found new protein to process: P06778
  [QUEUE] Found new protein to process: P06779
  [QUEUE] Found new protein to process: P06780
  [QUEUE] Found new protein to process: P06782
  [QUEUE] Found new protein to process: P06787
  [QUEUE] Found new protein to process: P06838
  [QUEUE] Found new protein to process: P06839
  [QUEUE] Found new protein to process: P06844
  [QUEUE] Found new protein to process: P07143
  [QUEUE] Found new protein to process: P07149
  [QUEUE] Found new protein to process: P07170
  [QUEUE] Found new protein to process: P07213
  [QUEUE] Found new protein to process: P07244
  [QUEUE] Found new protein to process: P07245
  [QUEUE] Found new protein to process: P07246
  [QUEUE] Found new protein to process: P07249
  [QUEUE] Found new protein to process: P07250
  [QUEUE] Found new protein to process: P07251
  [QUEUE] Found new protein to process: P07253
  [QUEUE] Found new protein to process: P07256
  [QUEUE] Found new protein to process: P07257
  [QUEUE] Found new protein to process: P07258
  [QUEUE] Found new protein to process: P07259
  [QUEUE] Found new protein to process: P07260
  [QUEUE] Found new protein to process: P07261
  [QUEUE] Found new protein to process: P07262
  [QUEUE] Found new protein to process: P07264
  [QUEUE] Found new protein to process: P07266
  [QUEUE] Found new protein to process: P07267
  [QUEUE] Found new protein to process: P07273
  [QUEUE] Found new protein to process: P07276
  [QUEUE] Found new protein to process: P07278
  [QUEUE] Found new protein to process: P07280
  [QUEUE] Found new protein to process: P07281
  [QUEUE] Found new protein to process: P07283
  [QUEUE] Found new protein to process: P07342
  [QUEUE] Found new protein to process: P07347
  [QUEUE] Found new protein to process: P07560
  [QUEUE] Found new protein to process: P07703
  [QUEUE] Found new protein to process: P07806
  [QUEUE] Found new protein to process: P07834
  [QUEUE] Found new protein to process: P07866
  [QUEUE] Found new protein to process: P08004
  [QUEUE] Found new protein to process: P08018
  [QUEUE] Found new protein to process: P08067
  [QUEUE] Found new protein to process: P08417
  [QUEUE] Found new protein to process: P08456
  [QUEUE] Found new protein to process: P08466
  [QUEUE] Found new protein to process: P08468
  [QUEUE] Found new protein to process: P08518
  [QUEUE] Found new protein to process: P08524
  [QUEUE] Found new protein to process: P08525
  [QUEUE] Found new protein to process: P08539
  [QUEUE] Found new protein to process: P08566
  [QUEUE] Found new protein to process: P08678
  [QUEUE] Found new protein to process: P08964
  [QUEUE] Found new protein to process: P09032
  [QUEUE] Found new protein to process: P09064
  [QUEUE] Found new protein to process: P09232
  [QUEUE] Found new protein to process: P09436
  [QUEUE] Found new protein to process: P09440
  [QUEUE] Found new protein to process: P09457
  [QUEUE] Found new protein to process: P09547
  [QUEUE] Found new protein to process: P09620
  [QUEUE] Found new protein to process: P09624
  [QUEUE] Found new protein to process: P09733
  [QUEUE] Found new protein to process: P09734
  [QUEUE] Found new protein to process: P09798
  [QUEUE] Found new protein to process: P09938
  [QUEUE] Found new protein to process: P09959
  [QUEUE] Found new protein to process: P0C074
  [QUEUE] Found new protein to process: P0C0T4
  [QUEUE] Found new protein to process: P0C0V8
  [QUEUE] Found new protein to process: P0C0W1
  [QUEUE] Found new protein to process: P0C0W9
  [QUEUE] Found new protein to process: P0C0X0
  [QUEUE] Found new protein to process: P0C2H6
  [QUEUE] Found new protein to process: P0C2H7
  [QUEUE] Found new protein to process: P0C2H8
  [QUEUE] Found new protein to process: P0C2H9
  [QUEUE] Found new protein to process: P0C5R9
  [QUEUE] Found new protein to process: P0CE41
  [QUEUE] Found new protein to process: P0CH08
  [QUEUE] Found new protein to process: P0CS90
  [QUEUE] Found new protein to process: P0CT04
  [QUEUE] Found new protein to process: P0CX23
  [QUEUE] Found new protein to process: P0CX24
  [QUEUE] Found new protein to process: P0CX25
  [QUEUE] Found new protein to process: P0CX27
  [QUEUE] Found new protein to process: P0CX30
  [QUEUE] Found new protein to process: P0CX31
  [QUEUE] Found new protein to process: P0CX32
  [QUEUE] Found new protein to process: P0CX33
  [QUEUE] Found new protein to process: P0CX35
  [QUEUE] Found new protein to process: P0CX36
  [QUEUE] Found new protein to process: P0CX37
  [QUEUE] Found new protein to process: P0CX38
  [QUEUE] Found new protein to process: P0CX39
  [QUEUE] Found new protein to process: P0CX40
  [QUEUE] Found new protein to process: P0CX41
  [QUEUE] Found new protein to process: P0CX42
  [QUEUE] Found new protein to process: P0CX43
  [QUEUE] Found new protein to process: P0CX44
  [QUEUE] Found new protein to process: P0CX45
  [QUEUE] Found new protein to process: P0CX46
  [QUEUE] Found new protein to process: P0CX47
  [QUEUE] Found new protein to process: P0CX48
  [QUEUE] Found new protein to process: P0CX49
  [QUEUE] Found new protein to process: P0CX50
  [QUEUE] Found new protein to process: P0CX51
  [QUEUE] Found new protein to process: P0CX52
  [QUEUE] Found new protein to process: P0CX53
  [QUEUE] Found new protein to process: P0CX54
  [QUEUE] Found new protein to process: P0CX55
  [QUEUE] Found new protein to process: P0CX56
  [QUEUE] Found new protein to process: P0CX82
  [QUEUE] Found new protein to process: P0CX83
  [QUEUE] Found new protein to process: P0CX84
  [QUEUE] Found new protein to process: P0CX85
  [QUEUE] Found new protein to process: P0CX86
  [QUEUE] Found new protein to process: P0CY06
  [QUEUE] Found new protein to process: P0CY08
  [QUEUE] Found new protein to process: P0CY11
  [QUEUE] Found new protein to process: P10081
  [QUEUE] Found new protein to process: P10174
  [QUEUE] Found new protein to process: P10355
  [QUEUE] Found new protein to process: P10363
  [QUEUE] Found new protein to process: P10507
  [QUEUE] Found new protein to process: P10591
  [QUEUE] Found new protein to process: P10592
  [QUEUE] Found new protein to process: P10622
  [QUEUE] Found new protein to process: P10659
  [QUEUE] Found new protein to process: P10662
  [QUEUE] Found new protein to process: P10663
  [QUEUE] Found new protein to process: P10664
  [QUEUE] Found new protein to process: P10849
  [QUEUE] Found new protein to process: P10862
  [QUEUE] Found new protein to process: P10869
  [QUEUE] Found new protein to process: P10962
  [QUEUE] Found new protein to process: P10964
  [QUEUE] Found new protein to process: P11075
  [QUEUE] Found new protein to process: P11076
  [QUEUE] Found new protein to process: P11154
  [QUEUE] Found new protein to process: P11325
  [QUEUE] Found new protein to process: P11433
  [QUEUE] Found new protein to process: P11484
  [QUEUE] Found new protein to process: P11491
  [QUEUE] Found new protein to process: P11745
  [QUEUE] Found new protein to process: P11746
  [QUEUE] Found new protein to process: P11747
  [QUEUE] Found new protein to process: P11792
  [QUEUE] Found new protein to process: P11914
  [QUEUE] Found new protein to process: P11938
  [QUEUE] Found new protein to process: P11978
  [QUEUE] Found new protein to process: P12294
  [QUEUE] Found new protein to process: P12383
  [QUEUE] Found new protein to process: P12385
  [QUEUE] Found new protein to process: P12611
  [QUEUE] Found new protein to process: P12612
  [QUEUE] Found new protein to process: P12683
  [QUEUE] Found new protein to process: P12684
  [QUEUE] Found new protein to process: P12686
  [QUEUE] Found new protein to process: P12687
  [QUEUE] Found new protein to process: P12688
  [QUEUE] Found new protein to process: P12695
  [QUEUE] Found new protein to process: P12709
  [QUEUE] Found new protein to process: P12753
  [QUEUE] Found new protein to process: P12754
  [QUEUE] Found new protein to process: P12868
  [QUEUE] Found new protein to process: P12904
  [QUEUE] Found new protein to process: P12945
  [QUEUE] Found new protein to process: P12962
  [QUEUE] Found new protein to process: P13045
  [QUEUE] Found new protein to process: P13099
  [QUEUE] Found new protein to process: P13134
  [QUEUE] Found new protein to process: P13188
  [QUEUE] Found new protein to process: P13259
  [QUEUE] Found new protein to process: P13298
  [QUEUE] Found new protein to process: P13365
  [QUEUE] Found new protein to process: P13382
  [QUEUE] Found new protein to process: P13393
  [QUEUE] Found new protein to process: P13433
  [QUEUE] Found new protein to process: P13434
  [QUEUE] Found new protein to process: P13517
  [QUEUE] Found new protein to process: P13574
  [QUEUE] Found new protein to process: P13586
  [QUEUE] Found new protein to process: P13663
  [QUEUE] Found new protein to process: P13711
  [QUEUE] Found new protein to process: P13712
  [QUEUE] Found new protein to process: P13902
  [QUEUE] Found new protein to process: P14063
  [QUEUE] Found new protein to process: P14064
  [QUEUE] Found new protein to process: P14066
  [QUEUE] Found new protein to process: P14120
  [QUEUE] Found new protein to process: P14126
  [QUEUE] Found new protein to process: P14127
  [QUEUE] Found new protein to process: P14164
  [QUEUE] Found new protein to process: P14242
  [QUEUE] Found new protein to process: P14284
  [QUEUE] Found new protein to process: P14291
  [QUEUE] Found new protein to process: P14306
  [QUEUE] Found new protein to process: P14540
  [QUEUE] Found new protein to process: P14680
  [QUEUE] Found new protein to process: P14682
  [QUEUE] Found new protein to process: P14693
  [QUEUE] Found new protein to process: P14724
  [QUEUE] Found new protein to process: P14736
  [QUEUE] Found new protein to process: P14741
  [QUEUE] Found new protein to process: P14742
  [QUEUE] Found new protein to process: P14747
  [QUEUE] Found new protein to process: P14832
  [QUEUE] Found new protein to process: P14904
  [QUEUE] Found new protein to process: P14906
  [QUEUE] Found new protein to process: P14907
  [QUEUE] Found new protein to process: P14908
  [QUEUE] Found new protein to process: P14922
  [QUEUE] Found new protein to process: P15019
  [QUEUE] Found new protein to process: P15108
  [QUEUE] Found new protein to process: P15180
  [QUEUE] Found new protein to process: P15274
  [QUEUE] Found new protein to process: P15303
  [QUEUE] Found new protein to process: P15367
  [QUEUE] Found new protein to process: P15424
  [QUEUE] Found new protein to process: P15436
  [QUEUE] Found new protein to process: P15624
  [QUEUE] Found new protein to process: P15625
  [QUEUE] Found new protein to process: P15646
  [QUEUE] Found new protein to process: P15703
  [QUEUE] Found new protein to process: P15705
  [QUEUE] Found new protein to process: P15731
  [QUEUE] Found new protein to process: P15790
  [QUEUE] Found new protein to process: P15873
  [QUEUE] Found new protein to process: P15891
  [QUEUE] Found new protein to process: P16120
  [QUEUE] Found new protein to process: P16140
  [QUEUE] Found new protein to process: P16370
  [QUEUE] Found new protein to process: P16387
  [QUEUE] Found new protein to process: P16451
  [QUEUE] Found new protein to process: P16467
  [QUEUE] Found new protein to process: P16474
  [QUEUE] Found new protein to process: P16521
  [QUEUE] Found new protein to process: P16522
  [QUEUE] Found new protein to process: P16550
  [QUEUE] Found new protein to process: P16649
  [QUEUE] Found new protein to process: P16658
  [QUEUE] Found new protein to process: P16661
  [QUEUE] Found new protein to process: P16664
  [QUEUE] Found new protein to process: P16861
  [QUEUE] Found new protein to process: P16862
  [QUEUE] Found new protein to process: P16892
  [QUEUE] Found new protein to process: P17076
  [QUEUE] Found new protein to process: P17106
  [QUEUE] Found new protein to process: P17122
  [QUEUE] Found new protein to process: P17157
  [QUEUE] Found new protein to process: P17214
  [QUEUE] Found new protein to process: P17255
  [QUEUE] Found new protein to process: P17442
  [QUEUE] Found new protein to process: P17505
  [QUEUE] Found new protein to process: P17555
  [QUEUE] Found new protein to process: P17558
  [QUEUE] Found new protein to process: P17629
  [QUEUE] Found new protein to process: P17649
  [QUEUE] Found new protein to process: P17709
  [QUEUE] Found new protein to process: P17883
  [QUEUE] Found new protein to process: P17890
  [QUEUE] Found new protein to process: P17891
  [QUEUE] Found new protein to process: P17967
  [QUEUE] Found new protein to process: P18239
  [QUEUE] Found new protein to process: P18409
  [QUEUE] Found new protein to process: P18410
  [QUEUE] Found new protein to process: P18412
  [QUEUE] Found new protein to process: P18480
  [QUEUE] Found new protein to process: P18562
  [QUEUE] Found new protein to process: P18759
  [QUEUE] Found new protein to process: P18851
  [QUEUE] Found new protein to process: P18852
  [QUEUE] Found new protein to process: P18888
  [QUEUE] Found new protein to process: P18898
  [QUEUE] Found new protein to process: P18963
  [QUEUE] Found new protein to process: P19097
  [QUEUE] Found new protein to process: P19146
  [QUEUE] Found new protein to process: P19158
  [QUEUE] Found new protein to process: P19262
  [QUEUE] Found new protein to process: P19263
  [QUEUE] Found new protein to process: P19358
  [QUEUE] Found new protein to process: P19414
  [QUEUE] Found new protein to process: P19454
  [QUEUE] Found new protein to process: P19516
  [QUEUE] Found new protein to process: P19524
  [QUEUE] Found new protein to process: P19657
  [QUEUE] Found new protein to process: P19658
  [QUEUE] Found new protein to process: P19659
  [QUEUE] Found new protein to process: P19735
  [QUEUE] Found new protein to process: P19736
  [QUEUE] Found new protein to process: P19812
  [QUEUE] Found new protein to process: P19955
  [QUEUE] Found new protein to process: P19956
  [QUEUE] Found new protein to process: P20050
  [QUEUE] Found new protein to process: P20052
  [QUEUE] Found new protein to process: P20053
  [QUEUE] Found new protein to process: P20081
  [QUEUE] Found new protein to process: P20084
  [QUEUE] Found new protein to process: P20095
  [QUEUE] Found new protein to process: P20133
  [QUEUE] Found new protein to process: P20424
  [QUEUE] Found new protein to process: P20433
  [QUEUE] Found new protein to process: P20434
  [QUEUE] Found new protein to process: P20435
  [QUEUE] Found new protein to process: P20436
  [QUEUE] Found new protein to process: P20437
  [QUEUE] Found new protein to process: P20438
  [QUEUE] Found new protein to process: P20447
  [QUEUE] Found new protein to process: P20448
  [QUEUE] Found new protein to process: P20449
  [QUEUE] Found new protein to process: P20457
  [QUEUE] Found new protein to process: P20459
  [QUEUE] Found new protein to process: P20484
  [QUEUE] Found new protein to process: P20485
  [QUEUE] Found new protein to process: P20486
  [QUEUE] Found new protein to process: P20604
  [QUEUE] Found new protein to process: P20606
  [QUEUE] Found new protein to process: P20676
  [QUEUE] Found new protein to process: P20795
  [QUEUE] Found new protein to process: P20967
  [QUEUE] Found new protein to process: P21147
  [QUEUE] Found new protein to process: P21182
  [QUEUE] Found new protein to process: P21190
  [QUEUE] Found new protein to process: P21242
  [QUEUE] Found new protein to process: P21243
  [QUEUE] Found new protein to process: P21268
  [QUEUE] Found new protein to process: P21304
  [QUEUE] Found new protein to process: P21306
  [QUEUE] Found new protein to process: P21372
  [QUEUE] Found new protein to process: P21373
  [QUEUE] Found new protein to process: P21374
  [QUEUE] Found new protein to process: P21524
  [QUEUE] Found new protein to process: P21560
  [QUEUE] Found new protein to process: P21576
  [QUEUE] Found new protein to process: P21595
  [QUEUE] Found new protein to process: P21651
  [QUEUE] Found new protein to process: P21672
  [QUEUE] Found new protein to process: P21771
  [QUEUE] Found new protein to process: P21801
  [QUEUE] Found new protein to process: P21825
  [QUEUE] Found new protein to process: P21827
  [QUEUE] Found new protein to process: P21951
  [QUEUE] Found new protein to process: P21957
  [QUEUE] Found new protein to process: P21965
  [QUEUE] Found new protein to process: P22007
  [QUEUE] Found new protein to process: P22082
  [QUEUE] Found new protein to process: P22135
  [QUEUE] Found new protein to process: P22136
  [QUEUE] Found new protein to process: P22137
  [QUEUE] Found new protein to process: P22138
  [QUEUE] Found new protein to process: P22139
  [QUEUE] Found new protein to process: P22141
  [QUEUE] Found new protein to process: P22146
  [QUEUE] Found new protein to process: P22202
  [QUEUE] Found new protein to process: P22203
  [QUEUE] Found new protein to process: P22204
  [QUEUE] Found new protein to process: P22213
  [QUEUE] Found new protein to process: P22214
  [QUEUE] Found new protein to process: P22216
  [QUEUE] Found new protein to process: P22217
  [QUEUE] Found new protein to process: P22219
  [QUEUE] Found new protein to process: P22224
  [QUEUE] Found new protein to process: P22276
  [QUEUE] Found new protein to process: P22289
  [QUEUE] Found new protein to process: P22336
  [QUEUE] Found new protein to process: P22353
  [QUEUE] Found new protein to process: P22354
  [QUEUE] Found new protein to process: P22515
  [QUEUE] Found new protein to process: P22516
  [QUEUE] Found new protein to process: P22543
  [QUEUE] Found new protein to process: P22579
  [QUEUE] Found new protein to process: P22696
  [QUEUE] Found new protein to process: P22768
  [QUEUE] Found new protein to process: P22803
  [QUEUE] Found new protein to process: P22804
  [QUEUE] Found new protein to process: P22855
  [QUEUE] Found new protein to process: P23059
  [QUEUE] Found new protein to process: P23201
  [QUEUE] Found new protein to process: P23202
  [QUEUE] Found new protein to process: P23248
  [QUEUE] Found new protein to process: P23254
  [QUEUE] Found new protein to process: P23255
  [QUEUE] Found new protein to process: P23287
  [QUEUE] Found new protein to process: P23291
  [QUEUE] Found new protein to process: P23292
  [QUEUE] Found new protein to process: P23293
  [QUEUE] Found new protein to process: P23301
  [QUEUE] Found new protein to process: P23337
  [QUEUE] Found new protein to process: P23369
  [QUEUE] Found new protein to process: P23394
  [QUEUE] Found new protein to process: P23503
  [QUEUE] Found new protein to process: P23542
  [QUEUE] Found new protein to process: P23561
  [QUEUE] Found new protein to process: P23594
  [QUEUE] Found new protein to process: P23595
  [QUEUE] Found new protein to process: P23615
  [QUEUE] Found new protein to process: P23638
  [QUEUE] Found new protein to process: P23639
  [QUEUE] Found new protein to process: P23641
  [QUEUE] Found new protein to process: P23642
  [QUEUE] Found new protein to process: P23643
  [QUEUE] Found new protein to process: P23644
  [QUEUE] Found new protein to process: P23724
  [QUEUE] Found new protein to process: P23900
  [QUEUE] Found new protein to process: P23968
  [QUEUE] Found new protein to process: P24000
  [QUEUE] Found new protein to process: P24004
  [QUEUE] Found new protein to process: P24276
  [QUEUE] Found new protein to process: P24279
  [QUEUE] Found new protein to process: P24280
  [QUEUE] Found new protein to process: P24384
  [QUEUE] Found new protein to process: P24482
  [QUEUE] Found new protein to process: P24783
  [QUEUE] Found new protein to process: P24814
  [QUEUE] Found new protein to process: P24867
  [QUEUE] Found new protein to process: P24868
  [QUEUE] Found new protein to process: P24869
  [QUEUE] Found new protein to process: P24870
  [QUEUE] Found new protein to process: P24871
  [QUEUE] Found new protein to process: P25043
  [QUEUE] Found new protein to process: P25045
  [QUEUE] Found new protein to process: P25046
  [QUEUE] Found new protein to process: P25087
  [QUEUE] Found new protein to process: P25270
  [QUEUE] Found new protein to process: P25293
  [QUEUE] Found new protein to process: P25294
  [QUEUE] Found new protein to process: P25296
  [QUEUE] Found new protein to process: P25297
  [QUEUE] Found new protein to process: P25298
  [QUEUE] Found new protein to process: P25299
  [QUEUE] Found new protein to process: P25301
  [QUEUE] Found new protein to process: P25302
  [QUEUE] Found new protein to process: P25303
  [QUEUE] Found new protein to process: P25336
  [QUEUE] Found new protein to process: P25337
  [QUEUE] Found new protein to process: P25340
  [QUEUE] Found new protein to process: P25342
  [QUEUE] Found new protein to process: P25343
  [QUEUE] Found new protein to process: P25344
  [QUEUE] Found new protein to process: P25348
  [QUEUE] Found new protein to process: P25349
  [QUEUE] Found new protein to process: P25357
  [QUEUE] Found new protein to process: P25359
  [QUEUE] Found new protein to process: P25366
  [QUEUE] Found new protein to process: P25367
  [QUEUE] Found new protein to process: P25368
  [QUEUE] Found new protein to process: P25374
  [QUEUE] Found new protein to process: P25379
  [QUEUE] Found new protein to process: P25382
  [QUEUE] Found new protein to process: P25385
  [QUEUE] Found new protein to process: P25389
  [QUEUE] Found new protein to process: P25390
  [QUEUE] Found new protein to process: P25441
  [QUEUE] Found new protein to process: P25443
  [QUEUE] Found new protein to process: P25451
  [QUEUE] Found new protein to process: P25454
  [QUEUE] Found new protein to process: P25491
  [QUEUE] Found new protein to process: P25515
  [QUEUE] Found new protein to process: P25554
  [QUEUE] Found new protein to process: P25555
  [QUEUE] Found new protein to process: P25559
  [QUEUE] Found new protein to process: P25567
  [QUEUE] Found new protein to process: P25569
  [QUEUE] Found new protein to process: P25573
  [QUEUE] Found new protein to process: P25574
  [QUEUE] Found new protein to process: P25576
  [QUEUE] Found new protein to process: P25580
  [QUEUE] Found new protein to process: P25582
  [QUEUE] Found new protein to process: P25583
  [QUEUE] Found new protein to process: P25586
  [QUEUE] Found new protein to process: P25587
  [QUEUE] Found new protein to process: P25591
  [QUEUE] Found new protein to process: P25604
  [QUEUE] Found new protein to process: P25605
  [QUEUE] Found new protein to process: P25615
  [QUEUE] Found new protein to process: P25616
  [QUEUE] Found new protein to process: P25617
  [QUEUE] Found new protein to process: P25618
  [QUEUE] Found new protein to process: P25623
  [QUEUE] Found new protein to process: P25626
  [QUEUE] Found new protein to process: P25627
  [QUEUE] Found new protein to process: P25632
  [QUEUE] Found new protein to process: P25635
  [QUEUE] Found new protein to process: P25638
  [QUEUE] Found new protein to process: P25642
  [QUEUE] Found new protein to process: P25644
  [QUEUE] Found new protein to process: P25646
  [QUEUE] Found new protein to process: P25648
  [QUEUE] Found new protein to process: P25649
  [QUEUE] Found new protein to process: P25651
  [QUEUE] Found new protein to process: P25655
  [QUEUE] Found new protein to process: P25656
  [QUEUE] Found new protein to process: P25659
  [QUEUE] Found new protein to process: P25693
  [QUEUE] Found new protein to process: P25694
  [QUEUE] Found new protein to process: P25808
  [QUEUE] Found new protein to process: P25847
  [QUEUE] Found new protein to process: P26263
  [QUEUE] Found new protein to process: P26309
  [QUEUE] Found new protein to process: P26321
  [QUEUE] Found new protein to process: P26448
  [QUEUE] Found new protein to process: P26449
  [QUEUE] Found new protein to process: P26570
  [QUEUE] Found new protein to process: P26637
  [QUEUE] Found new protein to process: P26754
  [QUEUE] Found new protein to process: P26755
  [QUEUE] Found new protein to process: P26783
  [QUEUE] Found new protein to process: P26784
  [QUEUE] Found new protein to process: P26785
  [QUEUE] Found new protein to process: P26786
  [QUEUE] Found new protein to process: P26798
  [QUEUE] Found new protein to process: P27344
  [QUEUE] Found new protein to process: P27351
  [QUEUE] Found new protein to process: P27472
  [QUEUE] Found new protein to process: P27476
  [QUEUE] Found new protein to process: P27514
  [QUEUE] Found new protein to process: P27515
  [QUEUE] Found new protein to process: P27614
  [QUEUE] Found new protein to process: P27637
  [QUEUE] Found new protein to process: P27680
  [QUEUE] Found new protein to process: P27692
  [QUEUE] Found new protein to process: P27796
  [QUEUE] Found new protein to process: P27801
  [QUEUE] Found new protein to process: P27810
  [QUEUE] Found new protein to process: P27929
  [QUEUE] Found new protein to process: P27999
  [QUEUE] Found new protein to process: P28000
  [QUEUE] Found new protein to process: P28003
  [QUEUE] Found new protein to process: P28004
  [QUEUE] Found new protein to process: P28005
  [QUEUE] Found new protein to process: P28006
  [QUEUE] Found new protein to process: P28007
  [QUEUE] Found new protein to process: P28239
  [QUEUE] Found new protein to process: P28241
  [QUEUE] Found new protein to process: P28263
  [QUEUE] Found new protein to process: P28272
  [QUEUE] Found new protein to process: P28274
  [QUEUE] Found new protein to process: P28319
  [QUEUE] Found new protein to process: P28320
  [QUEUE] Found new protein to process: P28495
  [QUEUE] Found new protein to process: P28496
  [QUEUE] Found new protein to process: P28519
  [QUEUE] Found new protein to process: P28627
  [QUEUE] Found new protein to process: P28778
  [QUEUE] Found new protein to process: P28791
  [QUEUE] Found new protein to process: P28795
  [QUEUE] Found new protein to process: P28817
  [QUEUE] Found new protein to process: P28834
  [QUEUE] Found new protein to process: P29029
  [QUEUE] Found new protein to process: P29056
  [QUEUE] Found new protein to process: P29295
  [QUEUE] Found new protein to process: P29311
  [QUEUE] Found new protein to process: P29366
  [QUEUE] Found new protein to process: P29453
  [QUEUE] Found new protein to process: P29467
  [QUEUE] Found new protein to process: P29468
  [QUEUE] Found new protein to process: P29469
  [QUEUE] Found new protein to process: P29478
  [QUEUE] Found new protein to process: P29496
  [QUEUE] Found new protein to process: P29509
  [QUEUE] Found new protein to process: P29539
  [QUEUE] Found new protein to process: P29547
  [QUEUE] Found new protein to process: P29703
  [QUEUE] Found new protein to process: P29704
  [QUEUE] Found new protein to process: P29952
  [QUEUE] Found new protein to process: P30283
  [QUEUE] Found new protein to process: P30402
  [QUEUE] Found new protein to process: P30624
  [QUEUE] Found new protein to process: P30656
  [QUEUE] Found new protein to process: P30657
  [QUEUE] Found new protein to process: P30665
  [QUEUE] Found new protein to process: P30771
  [QUEUE] Found new protein to process: P30775
  [QUEUE] Found new protein to process: P30822
  [QUEUE] Found new protein to process: P30902
  [QUEUE] Found new protein to process: P31109
  [QUEUE] Found new protein to process: P31111
  [QUEUE] Found new protein to process: P31116
  [QUEUE] Found new protein to process: P31244
  [QUEUE] Found new protein to process: P31334
  [QUEUE] Found new protein to process: P31373
  [QUEUE] Found new protein to process: P31374
  [QUEUE] Found new protein to process: P31376
  [QUEUE] Found new protein to process: P31377
  [QUEUE] Found new protein to process: P31380
  [QUEUE] Found new protein to process: P31382
  [QUEUE] Found new protein to process: P31383
  [QUEUE] Found new protein to process: P31384
  [QUEUE] Found new protein to process: P31385
  [QUEUE] Found new protein to process: P31412
  [QUEUE] Found new protein to process: P31539
  [QUEUE] Found new protein to process: P31688
  [QUEUE] Found new protein to process: P32074
  [QUEUE] Found new protein to process: P32259
  [QUEUE] Found new protein to process: P32263
  [QUEUE] Found new protein to process: P32266
  [QUEUE] Found new protein to process: P32288
  [QUEUE] Found new protein to process: P32319
  [QUEUE] Found new protein to process: P32323
  [QUEUE] Found new protein to process: P32324
  [QUEUE] Found new protein to process: P32325
  [QUEUE] Found new protein to process: P32327
  [QUEUE] Found new protein to process: P32328
  [QUEUE] Found new protein to process: P32332
  [QUEUE] Found new protein to process: P32333
  [QUEUE] Found new protein to process: P32334
  [QUEUE] Found new protein to process: P32335
  [QUEUE] Found new protein to process: P32336
  [QUEUE] Found new protein to process: P32337
  [QUEUE] Found new protein to process: P32340
  [QUEUE] Found new protein to process: P32342
  [QUEUE] Found new protein to process: P32344
  [QUEUE] Found new protein to process: P32345
  [QUEUE] Found new protein to process: P32349
  [QUEUE] Found new protein to process: P32356
  [QUEUE] Found new protein to process: P32357
  [QUEUE] Found new protein to process: P32361
  [QUEUE] Found new protein to process: P32363
  [QUEUE] Found new protein to process: P32366
  [QUEUE] Found new protein to process: P32367
  [QUEUE] Found new protein to process: P32368
  [QUEUE] Found new protein to process: P32379
  [QUEUE] Found new protein to process: P32380
  [QUEUE] Found new protein to process: P32381
  [QUEUE] Found new protein to process: P32386
  [QUEUE] Found new protein to process: P32387
  [QUEUE] Found new protein to process: P32388
  [QUEUE] Found new protein to process: P32389
  [QUEUE] Found new protein to process: P32432
  [QUEUE] Found new protein to process: P32447
  [QUEUE] Found new protein to process: P32449
  [QUEUE] Found new protein to process: P32454
  [QUEUE] Found new protein to process: P32457
  [QUEUE] Found new protein to process: P32458
  [QUEUE] Found new protein to process: P32459
  [QUEUE] Found new protein to process: P32461
  [QUEUE] Found new protein to process: P32463
  [QUEUE] Found new protein to process: P32466
  [QUEUE] Found new protein to process: P32468
  [QUEUE] Found new protein to process: P32469
  [QUEUE] Found new protein to process: P32471
  [QUEUE] Found new protein to process: P32473
  [QUEUE] Found new protein to process: P32476
  [QUEUE] Found new protein to process: P32479
  [QUEUE] Found new protein to process: P32480
  [QUEUE] Found new protein to process: P32481
  [QUEUE] Found new protein to process: P32485
  [QUEUE] Found new protein to process: P32489
  [QUEUE] Found new protein to process: P32492
  [QUEUE] Found new protein to process: P32493
  [QUEUE] Found new protein to process: P32494
  [QUEUE] Found new protein to process: P32495
  [QUEUE] Found new protein to process: P32496
  [QUEUE] Found new protein to process: P32497
  [QUEUE] Found new protein to process: P32499
  [QUEUE] Found new protein to process: P32500
  [QUEUE] Found new protein to process: P32501
  [QUEUE] Found new protein to process: P32502
  [QUEUE] Found new protein to process: P32504
  [QUEUE] Found new protein to process: P32505
  [QUEUE] Found new protein to process: P32521
  [QUEUE] Found new protein to process: P32523
  [QUEUE] Found new protein to process: P32524
  [QUEUE] Found new protein to process: P32527
  [QUEUE] Found new protein to process: P32529
  [QUEUE] Found new protein to process: P32558
  [QUEUE] Found new protein to process: P32561
  [QUEUE] Found new protein to process: P32563
  [QUEUE] Found new protein to process: P32565
  [QUEUE] Found new protein to process: P32568
  [QUEUE] Found new protein to process: P32569
  [QUEUE] Found new protein to process: P32570
  [QUEUE] Found new protein to process: P32578
  [QUEUE] Found new protein to process: P32580
  [QUEUE] Found new protein to process: P32582
  [QUEUE] Found new protein to process: P32583
  [QUEUE] Found new protein to process: P32585
  [QUEUE] Found new protein to process: P32588
  [QUEUE] Found new protein to process: P32589
  [QUEUE] Found new protein to process: P32590
  [QUEUE] Found new protein to process: P32591
  [QUEUE] Found new protein to process: P32597
  [QUEUE] Found new protein to process: P32598
  [QUEUE] Found new protein to process: P32599
  [QUEUE] Found new protein to process: P32600
  [QUEUE] Found new protein to process: P32601
  [QUEUE] Found new protein to process: P32604
  [QUEUE] Found new protein to process: P32605
  [QUEUE] Found new protein to process: P32607
  [QUEUE] Found new protein to process: P32608
  [QUEUE] Found new protein to process: P32610
  [QUEUE] Found new protein to process: P32611
  [QUEUE] Found new protein to process: P32613
  [QUEUE] Found new protein to process: P32617
  [QUEUE] Found new protein to process: P32618
  [QUEUE] Found new protein to process: P32621
  [QUEUE] Found new protein to process: P32622
  [QUEUE] Found new protein to process: P32623
  [QUEUE] Found new protein to process: P32628
  [QUEUE] Found new protein to process: P32629
  [QUEUE] Found new protein to process: P32634
  [QUEUE] Found new protein to process: P32639
  [QUEUE] Found new protein to process: P32641
  [QUEUE] Found new protein to process: P32642
  [QUEUE] Found new protein to process: P32657
  [QUEUE] Found new protein to process: P32660
  [QUEUE] Found new protein to process: P32769
  [QUEUE] Found new protein to process: P32773
  [QUEUE] Found new protein to process: P32774
  [QUEUE] Found new protein to process: P32776
  [QUEUE] Found new protein to process: P32781
  [QUEUE] Found new protein to process: P32786
  [QUEUE] Found new protein to process: P32787
  [QUEUE] Found new protein to process: P32790
  [QUEUE] Found new protein to process: P32791
  [QUEUE] Found new protein to process: P32793
  [QUEUE] Found new protein to process: P32794
  [QUEUE] Found new protein to process: P32795
  [QUEUE] Found new protein to process: P32797
  [QUEUE] Found new protein to process: P32799
  [QUEUE] Found new protein to process: P32800
  [QUEUE] Found new protein to process: P32803
  [QUEUE] Found new protein to process: P32807
  [QUEUE] Found new protein to process: P32828
  [QUEUE] Found new protein to process: P32829
  [QUEUE] Found new protein to process: P32830
  [QUEUE] Found new protein to process: P32832
  [QUEUE] Found new protein to process: P32833
  [QUEUE] Found new protein to process: P32835
  [QUEUE] Found new protein to process: P32836
  [QUEUE] Found new protein to process: P32838
  [QUEUE] Found new protein to process: P32841
  [QUEUE] Found new protein to process: P32842
  [QUEUE] Found new protein to process: P32843
  [QUEUE] Found new protein to process: P32844
  [QUEUE] Found new protein to process: P32854
  [QUEUE] Found new protein to process: P32855
  [QUEUE] Found new protein to process: P32861
  [QUEUE] Found new protein to process: P32864
  [QUEUE] Found new protein to process: P32867
  [QUEUE] Found new protein to process: P32891
  [QUEUE] Found new protein to process: P32892
  [QUEUE] Found new protein to process: P32893
  [QUEUE] Found new protein to process: P32895
  [QUEUE] Found new protein to process: P32897
  [QUEUE] Found new protein to process: P32898
  [QUEUE] Found new protein to process: P32899
  [QUEUE] Found new protein to process: P32900
  [QUEUE] Found new protein to process: P32902
  [QUEUE] Found new protein to process: P32904
  [QUEUE] Found new protein to process: P32905
  [QUEUE] Found new protein to process: P32906
  [QUEUE] Found new protein to process: P32908
  [QUEUE] Found new protein to process: P32910
  [QUEUE] Found new protein to process: P32911
  [QUEUE] Found new protein to process: P32912
  [QUEUE] Found new protein to process: P32913
  [QUEUE] Found new protein to process: P32914
  [QUEUE] Found new protein to process: P32915
  [QUEUE] Found new protein to process: P32916
  [QUEUE] Found new protein to process: P32939
  [QUEUE] Found new protein to process: P32943
  [QUEUE] Found new protein to process: P32945
  [QUEUE] Found new protein to process: P33201
  [QUEUE] Found new protein to process: P33202
  [QUEUE] Found new protein to process: P33203
  [QUEUE] Found new protein to process: P33204
  [QUEUE] Found new protein to process: P33297
  [QUEUE] Found new protein to process: P33298
  [QUEUE] Found new protein to process: P33299
  [QUEUE] Found new protein to process: P33300
  [QUEUE] Found new protein to process: P33301
  [QUEUE] Found new protein to process: P33302
  [QUEUE] Found new protein to process: P33308
  [QUEUE] Found new protein to process: P33309
  [QUEUE] Found new protein to process: P33315
  [QUEUE] Found new protein to process: P33322
  [QUEUE] Found new protein to process: P33323
  [QUEUE] Found new protein to process: P33327
  [QUEUE] Found new protein to process: P33328
  [QUEUE] Found new protein to process: P33329
  [QUEUE] Found new protein to process: P33330
  [QUEUE] Found new protein to process: P33332
  [QUEUE] Found new protein to process: P33333
  [QUEUE] Found new protein to process: P33334
  [QUEUE] Found new protein to process: P33336
  [QUEUE] Found new protein to process: P33338
  [QUEUE] Found new protein to process: P33339
  [QUEUE] Found new protein to process: P33411
  [QUEUE] Found new protein to process: P33416
  [QUEUE] Found new protein to process: P33419
  [QUEUE] Found new protein to process: P33420
  [QUEUE] Found new protein to process: P33421
  [QUEUE] Found new protein to process: P33441
  [QUEUE] Found new protein to process: P33442
  [QUEUE] Found new protein to process: P33448
  [QUEUE] Found new protein to process: P33750
  [QUEUE] Found new protein to process: P33754
  [QUEUE] Found new protein to process: P33755
  [QUEUE] Found new protein to process: P33759
  [QUEUE] Found new protein to process: P33760
  [QUEUE] Found new protein to process: P33767
  [QUEUE] Found new protein to process: P33775
  [QUEUE] Found new protein to process: P33891
  [QUEUE] Found new protein to process: P33892
  [QUEUE] Found new protein to process: P33893
  [QUEUE] Found new protein to process: P33894
  [QUEUE] Found new protein to process: P33895
  [QUEUE] Found new protein to process: P34072
  [QUEUE] Found new protein to process: P34077
  [QUEUE] Found new protein to process: P34078
  [QUEUE] Found new protein to process: P34087
  [QUEUE] Found new protein to process: P34110
  [QUEUE] Found new protein to process: P34111
  [QUEUE] Found new protein to process: P34160
  [QUEUE] Found new protein to process: P34162
  [QUEUE] Found new protein to process: P34164
  [QUEUE] Found new protein to process: P34167
  [QUEUE] Found new protein to process: P34216
  [QUEUE] Found new protein to process: P34218
  [QUEUE] Found new protein to process: P34221
  [QUEUE] Found new protein to process: P34223
  [QUEUE] Found new protein to process: P34228
  [QUEUE] Found new protein to process: P34230
  [QUEUE] Found new protein to process: P34232
  [QUEUE] Found new protein to process: P34237
  [QUEUE] Found new protein to process: P34241
  [QUEUE] Found new protein to process: P34246
  [QUEUE] Found new protein to process: P34247
  [QUEUE] Found new protein to process: P34250
  [QUEUE] Found new protein to process: P34252
  [QUEUE] Found new protein to process: P34253
  [QUEUE] Found new protein to process: P34730
  [QUEUE] Found new protein to process: P34756
  [QUEUE] Found new protein to process: P34758
  [QUEUE] Found new protein to process: P34760
  [QUEUE] Found new protein to process: P34909
  [QUEUE] Found new protein to process: P35127
  [QUEUE] Found new protein to process: P35169
  [QUEUE] Found new protein to process: P35177
  [QUEUE] Found new protein to process: P35178
  [QUEUE] Found new protein to process: P35179
  [QUEUE] Found new protein to process: P35180
  [QUEUE] Found new protein to process: P35181
  [QUEUE] Found new protein to process: P35182
  [QUEUE] Found new protein to process: P35184
  [QUEUE] Found new protein to process: P35187
  [QUEUE] Found new protein to process: P35189
  [QUEUE] Found new protein to process: P35190
  [QUEUE] Found new protein to process: P35191
  [QUEUE] Found new protein to process: P35192
  [QUEUE] Found new protein to process: P35193
  [QUEUE] Found new protein to process: P35194
  [QUEUE] Found new protein to process: P35196
  [QUEUE] Found new protein to process: P35197
  [QUEUE] Found new protein to process: P35201
  [QUEUE] Found new protein to process: P35203
  [QUEUE] Found new protein to process: P35206
  [QUEUE] Found new protein to process: P35207
  [QUEUE] Found new protein to process: P35209
  [QUEUE] Found new protein to process: P35691
  [QUEUE] Found new protein to process: P35718
  [QUEUE] Found new protein to process: P35719
  [QUEUE] Found new protein to process: P35723
  [QUEUE] Found new protein to process: P35727
  [QUEUE] Found new protein to process: P35728
  [QUEUE] Found new protein to process: P35729
  [QUEUE] Found new protein to process: P35732
  [QUEUE] Found new protein to process: P35734
  [QUEUE] Found new protein to process: P35817
  [QUEUE] Found new protein to process: P35845
  [QUEUE] Found new protein to process: P35996
  [QUEUE] Found new protein to process: P35997
  [QUEUE] Found new protein to process: P36000
  [QUEUE] Found new protein to process: P36002
  [QUEUE] Found new protein to process: P36004
  [QUEUE] Found new protein to process: P36006
  [QUEUE] Found new protein to process: P36007
  [QUEUE] Found new protein to process: P36008
  [QUEUE] Found new protein to process: P36009
  [QUEUE] Found new protein to process: P36013
  [QUEUE] Found new protein to process: P36015
  [QUEUE] Found new protein to process: P36016
  [QUEUE] Found new protein to process: P36017
  [QUEUE] Found new protein to process: P36018
  [QUEUE] Found new protein to process: P36022
  [QUEUE] Found new protein to process: P36024
  [QUEUE] Found new protein to process: P36039
  [QUEUE] Found new protein to process: P36040
  [QUEUE] Found new protein to process: P36047
  [QUEUE] Found new protein to process: P36048
  [QUEUE] Found new protein to process: P36049
  [QUEUE] Found new protein to process: P36051
  [QUEUE] Found new protein to process: P36056
  [QUEUE] Found new protein to process: P36057
  [QUEUE] Found new protein to process: P36066
  [QUEUE] Found new protein to process: P36068
  [QUEUE] Found new protein to process: P36076
  [QUEUE] Found new protein to process: P36080
  [QUEUE] Found new protein to process: P36081
  [QUEUE] Found new protein to process: P36083
  [QUEUE] Found new protein to process: P36084
  [QUEUE] Found new protein to process: P36094
  [QUEUE] Found new protein to process: P36095
  [QUEUE] Found new protein to process: P36096
  [QUEUE] Found new protein to process: P36097
  [QUEUE] Found new protein to process: P36100
  [QUEUE] Found new protein to process: P36101
  [QUEUE] Found new protein to process: P36102
  [QUEUE] Found new protein to process: P36103
  [QUEUE] Found new protein to process: P36104
  [QUEUE] Found new protein to process: P36105
  [QUEUE] Found new protein to process: P36106
  [QUEUE] Found new protein to process: P36107
  [QUEUE] Found new protein to process: P36108
  [QUEUE] Found new protein to process: P36112
  [QUEUE] Found new protein to process: P36113
  [QUEUE] Found new protein to process: P36116
  [QUEUE] Found new protein to process: P36118
  [QUEUE] Found new protein to process: P36119
  [QUEUE] Found new protein to process: P36120
  [QUEUE] Found new protein to process: P36121
  [QUEUE] Found new protein to process: P36122
  [QUEUE] Found new protein to process: P36123
  [QUEUE] Found new protein to process: P36124
  [QUEUE] Found new protein to process: P36126
  [QUEUE] Found new protein to process: P36131
  [QUEUE] Found new protein to process: P36132
  [QUEUE] Found new protein to process: P36144
  [QUEUE] Found new protein to process: P36145
  [QUEUE] Found new protein to process: P36146
  [QUEUE] Found new protein to process: P36147
  [QUEUE] Found new protein to process: P36148
  [QUEUE] Found new protein to process: P36149
  [QUEUE] Found new protein to process: P36152
  [QUEUE] Found new protein to process: P36158
  [QUEUE] Found new protein to process: P36159
  [QUEUE] Found new protein to process: P36160
  [QUEUE] Found new protein to process: P36161
  [QUEUE] Found new protein to process: P36162
  [QUEUE] Found new protein to process: P36164
  [QUEUE] Found new protein to process: P36168
  [QUEUE] Found new protein to process: P36169
  [QUEUE] Found new protein to process: P36224
  [QUEUE] Found new protein to process: P36421
  [QUEUE] Found new protein to process: P36516
  [QUEUE] Found new protein to process: P36517
  [QUEUE] Found new protein to process: P36519
  [QUEUE] Found new protein to process: P36520
  [QUEUE] Found new protein to process: P36521
  [QUEUE] Found new protein to process: P36523
  [QUEUE] Found new protein to process: P36525
  [QUEUE] Found new protein to process: P36526
  [QUEUE] Found new protein to process: P36527
  [QUEUE] Found new protein to process: P36528
  [QUEUE] Found new protein to process: P36531
  [QUEUE] Found new protein to process: P36532
  [QUEUE] Found new protein to process: P36533
  [QUEUE] Found new protein to process: P36534
  [QUEUE] Found new protein to process: P37012
  [QUEUE] Found new protein to process: P37262
  [QUEUE] Found new protein to process: P37263
  [QUEUE] Found new protein to process: P37291
  [QUEUE] Found new protein to process: P37292
  [QUEUE] Found new protein to process: P37296
  [QUEUE] Found new protein to process: P37297
  [QUEUE] Found new protein to process: P37298
  [QUEUE] Found new protein to process: P37299
  [QUEUE] Found new protein to process: P37366
  [QUEUE] Found new protein to process: P37370
  [QUEUE] Found new protein to process: P37838
  [QUEUE] Found new protein to process: P38009
  [QUEUE] Found new protein to process: P38011
  [QUEUE] Found new protein to process: P38013
  [QUEUE] Found new protein to process: P38041
  [QUEUE] Found new protein to process: P38042
  [QUEUE] Found new protein to process: P38061
  [QUEUE] Found new protein to process: P38064
  [QUEUE] Found new protein to process: P38065
  [QUEUE] Found new protein to process: P38068
  [QUEUE] Found new protein to process: P38074
  [QUEUE] Found new protein to process: P38075
  [QUEUE] Found new protein to process: P38077
  [QUEUE] Found new protein to process: P38080
  [QUEUE] Found new protein to process: P38086
  [QUEUE] Found new protein to process: P38088
  [QUEUE] Found new protein to process: P38089
  [QUEUE] Found new protein to process: P38111
  [QUEUE] Found new protein to process: P38112
  [QUEUE] Found new protein to process: P38115
  [QUEUE] Found new protein to process: P38120
  [QUEUE] Found new protein to process: P38121
  [QUEUE] Found new protein to process: P38123
  [QUEUE] Found new protein to process: P38129
  [QUEUE] Found new protein to process: P38130
  [QUEUE] Found new protein to process: P38132
  [QUEUE] Found new protein to process: P38138
  [QUEUE] Found new protein to process: P38144
  [QUEUE] Found new protein to process: P38146
  [QUEUE] Found new protein to process: P38149
  [QUEUE] Found new protein to process: P38153
  [QUEUE] Found new protein to process: P38164
  [QUEUE] Found new protein to process: P38165
  [QUEUE] Found new protein to process: P38167
  [QUEUE] Found new protein to process: P38170
  [QUEUE] Found new protein to process: P38175
  [QUEUE] Found new protein to process: P38177
  [QUEUE] Found new protein to process: P38181
  [QUEUE] Found new protein to process: P38187
  [QUEUE] Found new protein to process: P38193
  [QUEUE] Found new protein to process: P38197
  [QUEUE] Found new protein to process: P38199
  [QUEUE] Found new protein to process: P38202
  [QUEUE] Found new protein to process: P38203
  [QUEUE] Found new protein to process: P38204
  [QUEUE] Found new protein to process: P38208
  [QUEUE] Found new protein to process: P38210
  [QUEUE] Found new protein to process: P38211
  [QUEUE] Found new protein to process: P38212
  [QUEUE] Found new protein to process: P38217
  [QUEUE] Found new protein to process: P38219
  [QUEUE] Found new protein to process: P38222
  [QUEUE] Found new protein to process: P38229
  [QUEUE] Found new protein to process: P38232
  [QUEUE] Found new protein to process: P38234
  [QUEUE] Found new protein to process: P38236
  [QUEUE] Found new protein to process: P38238
  [QUEUE] Found new protein to process: P38241
  [QUEUE] Found new protein to process: P38242
  [QUEUE] Found new protein to process: P38247
  [QUEUE] Found new protein to process: P38248
  [QUEUE] Found new protein to process: P38249
  [QUEUE] Found new protein to process: P38250
  [QUEUE] Found new protein to process: P38251
  [QUEUE] Found new protein to process: P38255
  [QUEUE] Found new protein to process: P38257
  [QUEUE] Found new protein to process: P38260
  [QUEUE] Found new protein to process: P38261
  [QUEUE] Found new protein to process: P38262
  [QUEUE] Found new protein to process: P38263
  [QUEUE] Found new protein to process: P38264
  [QUEUE] Found new protein to process: P38265
  [QUEUE] Found new protein to process: P38270
  [QUEUE] Found new protein to process: P38272
  [QUEUE] Found new protein to process: P38273
  [QUEUE] Found new protein to process: P38276
  [QUEUE] Found new protein to process: P38282
  [QUEUE] Found new protein to process: P38283
  [QUEUE] Found new protein to process: P38285
  [QUEUE] Found new protein to process: P38286
  [QUEUE] Found new protein to process: P38287
  [QUEUE] Found new protein to process: P38291
  [QUEUE] Found new protein to process: P38293
  [QUEUE] Found new protein to process: P38297
  [QUEUE] Found new protein to process: P38302
  [QUEUE] Found new protein to process: P38304
  [QUEUE] Found new protein to process: P38305
  [QUEUE] Found new protein to process: P38307
  [QUEUE] Found new protein to process: P38310
  [QUEUE] Found new protein to process: P38313
  [QUEUE] Found new protein to process: P38314
  [QUEUE] Found new protein to process: P38316
  [QUEUE] Found new protein to process: P38321
  [QUEUE] Found new protein to process: P38324
  [QUEUE] Found new protein to process: P38326
  [QUEUE] Found new protein to process: P38328
  [QUEUE] Found new protein to process: P38330
  [QUEUE] Found new protein to process: P38332
  [QUEUE] Found new protein to process: P38333
  [QUEUE] Found new protein to process: P38334
  [QUEUE] Found new protein to process: P38336
  [QUEUE] Found new protein to process: P38337
  [QUEUE] Found new protein to process: P38339
  [QUEUE] Found new protein to process: P38341
  [QUEUE] Found new protein to process: P38342
  [QUEUE] Found new protein to process: P38344
  [QUEUE] Found new protein to process: P38348
  [QUEUE] Found new protein to process: P38349
  [QUEUE] Found new protein to process: P38351
  [QUEUE] Found new protein to process: P38352
  [QUEUE] Found new protein to process: P38353
  [QUEUE] Found new protein to process: P38426
  [QUEUE] Found new protein to process: P38427
  [QUEUE] Found new protein to process: P38428
  [QUEUE] Found new protein to process: P38429
  [QUEUE] Found new protein to process: P38431
  [QUEUE] Found new protein to process: P38439
  [QUEUE] Found new protein to process: P38523
  [QUEUE] Found new protein to process: P38555
  [QUEUE] Found new protein to process: P38615
  [QUEUE] Found new protein to process: P38620
  [QUEUE] Found new protein to process: P38623
  [QUEUE] Found new protein to process: P38624
  [QUEUE] Found new protein to process: P38626
  [QUEUE] Found new protein to process: P38628
  [QUEUE] Found new protein to process: P38629
  [QUEUE] Found new protein to process: P38630
  [QUEUE] Found new protein to process: P38631
  [QUEUE] Found new protein to process: P38632
  [QUEUE] Found new protein to process: P38633
  [QUEUE] Found new protein to process: P38634
  [QUEUE] Found new protein to process: P38682
  [QUEUE] Found new protein to process: P38687
  [QUEUE] Found new protein to process: P38688
  [QUEUE] Found new protein to process: P38689
  [QUEUE] Found new protein to process: P38691
  [QUEUE] Found new protein to process: P38692
  [QUEUE] Found new protein to process: P38696
  [QUEUE] Found new protein to process: P38697
  [QUEUE] Found new protein to process: P38700
  [QUEUE] Found new protein to process: P38701
  [QUEUE] Found new protein to process: P38703
  [QUEUE] Found new protein to process: P38707
  [QUEUE] Found new protein to process: P38708
  [QUEUE] Found new protein to process: P38711
  [QUEUE] Found new protein to process: P38713
  [QUEUE] Found new protein to process: P38719
  [QUEUE] Found new protein to process: P38720
  [QUEUE] Found new protein to process: P38736
  [QUEUE] Found new protein to process: P38737
  [QUEUE] Found new protein to process: P38738
  [QUEUE] Found new protein to process: P38742
  [QUEUE] Found new protein to process: P38745
  [QUEUE] Found new protein to process: P38747
  [QUEUE] Found new protein to process: P38748
  [QUEUE] Found new protein to process: P38751
  [QUEUE] Found new protein to process: P38753
  [QUEUE] Found new protein to process: P38754
  [QUEUE] Found new protein to process: P38757
  [QUEUE] Found new protein to process: P38758
  [QUEUE] Found new protein to process: P38759
  [QUEUE] Found new protein to process: P38764
  [QUEUE] Found new protein to process: P38765
  [QUEUE] Found new protein to process: P38768
  [QUEUE] Found new protein to process: P38772
  [QUEUE] Found new protein to process: P38779
  [QUEUE] Found new protein to process: P38781
  [QUEUE] Found new protein to process: P38782
  [QUEUE] Found new protein to process: P38783
  [QUEUE] Found new protein to process: P38786
  [QUEUE] Found new protein to process: P38788
  [QUEUE] Found new protein to process: P38789
  [QUEUE] Found new protein to process: P38792
  [QUEUE] Found new protein to process: P38794
  [QUEUE] Found new protein to process: P38796
  [QUEUE] Found new protein to process: P38797
  [QUEUE] Found new protein to process: P38798
  [QUEUE] Found new protein to process: P38801
  [QUEUE] Found new protein to process: P38803
  [QUEUE] Found new protein to process: P38804
  [QUEUE] Found new protein to process: P38805
  [QUEUE] Found new protein to process: P38806
  [QUEUE] Found new protein to process: P38809
  [QUEUE] Found new protein to process: P38810
  [QUEUE] Found new protein to process: P38811
  [QUEUE] Found new protein to process: P38814
  [QUEUE] Found new protein to process: P38816
  [QUEUE] Found new protein to process: P38817
  [QUEUE] Found new protein to process: P38818
  [QUEUE] Found new protein to process: P38819
  [QUEUE] Found new protein to process: P38820
  [QUEUE] Found new protein to process: P38823
  [QUEUE] Found new protein to process: P38826
  [QUEUE] Found new protein to process: P38827
  [QUEUE] Found new protein to process: P38828
  [QUEUE] Found new protein to process: P38829
  [QUEUE] Found new protein to process: P38830
  [QUEUE] Found new protein to process: P38833
  [QUEUE] Found new protein to process: P38835
  [QUEUE] Found new protein to process: P38836
  [QUEUE] Found new protein to process: P38837
  [QUEUE] Found new protein to process: P38840
  [QUEUE] Found new protein to process: P38845
  [QUEUE] Found new protein to process: P38849
  [QUEUE] Found new protein to process: P38850
  [QUEUE] Found new protein to process: P38852
  [QUEUE] Found new protein to process: P38853
  [QUEUE] Found new protein to process: P38855
  [QUEUE] Found new protein to process: P38857
  [QUEUE] Found new protein to process: P38859
  [QUEUE] Found new protein to process: P38861
  [QUEUE] Found new protein to process: P38863
  [QUEUE] Found new protein to process: P38873
  [QUEUE] Found new protein to process: P38874
  [QUEUE] Found new protein to process: P38875
  [QUEUE] Found new protein to process: P38877
  [QUEUE] Found new protein to process: P38878
  [QUEUE] Found new protein to process: P38879
  [QUEUE] Found new protein to process: P38880
  [QUEUE] Found new protein to process: P38881
  [QUEUE] Found new protein to process: P38882
  [QUEUE] Found new protein to process: P38883
  [QUEUE] Found new protein to process: P38886
  [QUEUE] Found new protein to process: P38888
  [QUEUE] Found new protein to process: P38891
  [QUEUE] Found new protein to process: P38902
  [QUEUE] Found new protein to process: P38903
  [QUEUE] Found new protein to process: P38907
  [QUEUE] Found new protein to process: P38909
  [QUEUE] Found new protein to process: P38911
  [QUEUE] Found new protein to process: P38912
  [QUEUE] Found new protein to process: P38915
  [QUEUE] Found new protein to process: P38920
  [QUEUE] Found new protein to process: P38922
  [QUEUE] Found new protein to process: P38927
  [QUEUE] Found new protein to process: P38928
  [QUEUE] Found new protein to process: P38930
  [QUEUE] Found new protein to process: P38931
  [QUEUE] Found new protein to process: P38932
  [QUEUE] Found new protein to process: P38934
  [QUEUE] Found new protein to process: P38953
  [QUEUE] Found new protein to process: P38956
  [QUEUE] Found new protein to process: P38957
  [QUEUE] Found new protein to process: P38959
  [QUEUE] Found new protein to process: P38960
  [QUEUE] Found new protein to process: P38961
  [QUEUE] Found new protein to process: P38966
  [QUEUE] Found new protein to process: P38968
  [QUEUE] Found new protein to process: P38971
  [QUEUE] Found new protein to process: P38972
  [QUEUE] Found new protein to process: P38985
  [QUEUE] Found new protein to process: P38986
  [QUEUE] Found new protein to process: P38987
  [QUEUE] Found new protein to process: P38989
  [QUEUE] Found new protein to process: P38990
  [QUEUE] Found new protein to process: P38991
  [QUEUE] Found new protein to process: P38993
  [QUEUE] Found new protein to process: P38994
  [QUEUE] Found new protein to process: P38996
  [QUEUE] Found new protein to process: P39001
  [QUEUE] Found new protein to process: P39003
  [QUEUE] Found new protein to process: P39004
  [QUEUE] Found new protein to process: P39005
  [QUEUE] Found new protein to process: P39007
  [QUEUE] Found new protein to process: P39008
  [QUEUE] Found new protein to process: P39010
  [QUEUE] Found new protein to process: P39012
  [QUEUE] Found new protein to process: P39013
  [QUEUE] Found new protein to process: P39014
  [QUEUE] Found new protein to process: P39015
  [QUEUE] Found new protein to process: P39073
  [QUEUE] Found new protein to process: P39076
  [QUEUE] Found new protein to process: P39077
  [QUEUE] Found new protein to process: P39078
  [QUEUE] Found new protein to process: P39079
  [QUEUE] Found new protein to process: P39081
  [QUEUE] Found new protein to process: P39101
  [QUEUE] Found new protein to process: P39103
  [QUEUE] Found new protein to process: P39104
  [QUEUE] Found new protein to process: P39107
  [QUEUE] Found new protein to process: P39108
  [QUEUE] Found new protein to process: P39111
  [QUEUE] Found new protein to process: P39112
  [QUEUE] Found new protein to process: P39515
  [QUEUE] Found new protein to process: P39516
  [QUEUE] Found new protein to process: P39517
  [QUEUE] Found new protein to process: P39520
  [QUEUE] Found new protein to process: P39522
  [QUEUE] Found new protein to process: P39524
  [QUEUE] Found new protein to process: P39538
  [QUEUE] Found new protein to process: P39552
  [QUEUE] Found new protein to process: P39676
  [QUEUE] Found new protein to process: P39678
  [QUEUE] Found new protein to process: P39682
  [QUEUE] Found new protein to process: P39685
  [QUEUE] Found new protein to process: P39692
  [QUEUE] Found new protein to process: P39702
  [QUEUE] Found new protein to process: P39704
  [QUEUE] Found new protein to process: P39705
  [QUEUE] Found new protein to process: P39706
  [QUEUE] Found new protein to process: P39707
  [QUEUE] Found new protein to process: P39708
  [QUEUE] Found new protein to process: P39713
  [QUEUE] Found new protein to process: P39714
  [QUEUE] Found new protein to process: P39715
  [QUEUE] Found new protein to process: P39719
  [QUEUE] Found new protein to process: P39720
  [QUEUE] Found new protein to process: P39721
  [QUEUE] Found new protein to process: P39722
  [QUEUE] Found new protein to process: P39723
  [QUEUE] Found new protein to process: P39724
  [QUEUE] Found new protein to process: P39726
  [QUEUE] Found new protein to process: P39727
  [QUEUE] Found new protein to process: P39729
  [QUEUE] Found new protein to process: P39730
  [QUEUE] Found new protein to process: P39731
  [QUEUE] Found new protein to process: P39735
  [QUEUE] Found new protein to process: P39742
  [QUEUE] Found new protein to process: P39743
  [QUEUE] Found new protein to process: P39744
  [QUEUE] Found new protein to process: P39904
  [QUEUE] Found new protein to process: P39923
  [QUEUE] Found new protein to process: P39925
  [QUEUE] Found new protein to process: P39926
  [QUEUE] Found new protein to process: P39927
  [QUEUE] Found new protein to process: P39928
  [QUEUE] Found new protein to process: P39929
  [QUEUE] Found new protein to process: P39931
  [QUEUE] Found new protein to process: P39935
  [QUEUE] Found new protein to process: P39936
  [QUEUE] Found new protein to process: P39937
  [QUEUE] Found new protein to process: P39938
  [QUEUE] Found new protein to process: P39939
  [QUEUE] Found new protein to process: P39940
  [QUEUE] Found new protein to process: P39952
  [QUEUE] Found new protein to process: P39954
  [QUEUE] Found new protein to process: P39958
  [QUEUE] Found new protein to process: P39960
  [QUEUE] Found new protein to process: P39966
  [QUEUE] Found new protein to process: P39967
  [QUEUE] Found new protein to process: P39968
  [QUEUE] Found new protein to process: P39969
  [QUEUE] Found new protein to process: P39984
  [QUEUE] Found new protein to process: P39985
  [QUEUE] Found new protein to process: P39986
  [QUEUE] Found new protein to process: P39990
  [QUEUE] Found new protein to process: P39993
  [QUEUE] Found new protein to process: P39995
  [QUEUE] Found new protein to process: P39997
  [QUEUE] Found new protein to process: P39998
  [QUEUE] Found new protein to process: P40003
  [QUEUE] Found new protein to process: P40005
  [QUEUE] Found new protein to process: P40007
  [QUEUE] Found new protein to process: P40008
  [QUEUE] Found new protein to process: P40010
  [QUEUE] Found new protein to process: P40014
  [QUEUE] Found new protein to process: P40015
  [QUEUE] Found new protein to process: P40016
  [QUEUE] Found new protein to process: P40018
  [QUEUE] Found new protein to process: P40024
  [QUEUE] Found new protein to process: P40026
  [QUEUE] Found new protein to process: P40032
  [QUEUE] Found new protein to process: P40033
  [QUEUE] Found new protein to process: P40037
  [QUEUE] Found new protein to process: P40038
  [QUEUE] Found new protein to process: P40045
  [QUEUE] Found new protein to process: P40046
  [QUEUE] Found new protein to process: P40047
  [QUEUE] Found new protein to process: P40050
  [QUEUE] Found new protein to process: P40051
  [QUEUE] Found new protein to process: P40054
  [QUEUE] Found new protein to process: P40055
  [QUEUE] Found new protein to process: P40056
  [QUEUE] Found new protein to process: P40059
  [QUEUE] Found new protein to process: P40060
  [QUEUE] Found new protein to process: P40061
  [QUEUE] Found new protein to process: P40063
  [QUEUE] Found new protein to process: P40064
  [QUEUE] Found new protein to process: P40065
  [QUEUE] Found new protein to process: P40066
  [QUEUE] Found new protein to process: P40069
  [QUEUE] Found new protein to process: P40070
  [QUEUE] Found new protein to process: P40072
  [QUEUE] Found new protein to process: P40073
  [QUEUE] Found new protein to process: P40077
  [QUEUE] Found new protein to process: P40078
  [QUEUE] Found new protein to process: P40079
  [QUEUE] Found new protein to process: P40084
  [QUEUE] Found new protein to process: P40085
  [QUEUE] Found new protein to process: P40088
  [QUEUE] Found new protein to process: P40089
  [QUEUE] Found new protein to process: P40090
  [QUEUE] Found new protein to process: P40091
  [QUEUE] Found new protein to process: P40093
  [QUEUE] Found new protein to process: P40094
  [QUEUE] Found new protein to process: P40096
  [QUEUE] Found new protein to process: P40106
  [QUEUE] Found new protein to process: P40150
  [QUEUE] Found new protein to process: P40151
  [QUEUE] Found new protein to process: P40154
  [QUEUE] Found new protein to process: P40155
  [QUEUE] Found new protein to process: P40157
  [QUEUE] Found new protein to process: P40159
  [QUEUE] Found new protein to process: P40160
  [QUEUE] Found new protein to process: P40161
  [QUEUE] Found new protein to process: P40164
  [QUEUE] Found new protein to process: P40167
  [QUEUE] Found new protein to process: P40186
  [QUEUE] Found new protein to process: P40202
  [QUEUE] Found new protein to process: P40204
  [QUEUE] Found new protein to process: P40208
  [QUEUE] Found new protein to process: P40212
  [QUEUE] Found new protein to process: P40215
  [QUEUE] Found new protein to process: P40217
  [QUEUE] Found new protein to process: P40302
  [QUEUE] Found new protein to process: P40303
  [QUEUE] Found new protein to process: P40314
  [QUEUE] Found new protein to process: P40316
  [QUEUE] Found new protein to process: P40317
  [QUEUE] Found new protein to process: P40318
  [QUEUE] Found new protein to process: P40319
  [QUEUE] Found new protein to process: P40327
  [QUEUE] Found new protein to process: P40335
  [QUEUE] Found new protein to process: P40339
  [QUEUE] Found new protein to process: P40340
  [QUEUE] Found new protein to process: P40341
  [QUEUE] Found new protein to process: P40343
  [QUEUE] Found new protein to process: P40348
  [QUEUE] Found new protein to process: P40352
  [QUEUE] Found new protein to process: P40355
  [QUEUE] Found new protein to process: P40356
  [QUEUE] Found new protein to process: P40357
  [QUEUE] Found new protein to process: P40358
  [QUEUE] Found new protein to process: P40359
  [QUEUE] Found new protein to process: P40360
  [QUEUE] Found new protein to process: P40361
  [QUEUE] Found new protein to process: P40362
  [QUEUE] Found new protein to process: P40364
  [QUEUE] Found new protein to process: P40366
  [QUEUE] Found new protein to process: P40367
  [QUEUE] Found new protein to process: P40368
  [QUEUE] Found new protein to process: P40395
  [QUEUE] Found new protein to process: P40413
  [QUEUE] Found new protein to process: P40422
  [QUEUE] Found new protein to process: P40438
  [QUEUE] Found new protein to process: P40449
  [QUEUE] Found new protein to process: P40452
  [QUEUE] Found new protein to process: P40454
  [QUEUE] Found new protein to process: P40457
  [QUEUE] Found new protein to process: P40460
  [QUEUE] Found new protein to process: P40463
  [QUEUE] Found new protein to process: P40465
  [QUEUE] Found new protein to process: P40468
  [QUEUE] Found new protein to process: P40469
  [QUEUE] Found new protein to process: P40470
  [QUEUE] Found new protein to process: P40471
  [QUEUE] Found new protein to process: P40477
  [QUEUE] Found new protein to process: P40480
  [QUEUE] Found new protein to process: P40482
  [QUEUE] Found new protein to process: P40484
  [QUEUE] Found new protein to process: P40487
  [QUEUE] Found new protein to process: P40491
  [QUEUE] Found new protein to process: P40492
  [QUEUE] Found new protein to process: P40494
  [QUEUE] Found new protein to process: P40495
  [QUEUE] Found new protein to process: P40496
  [QUEUE] Found new protein to process: P40498
  [QUEUE] Found new protein to process: P40499
  [QUEUE] Found new protein to process: P40505
  [QUEUE] Found new protein to process: P40506
  [QUEUE] Found new protein to process: P40507
  [QUEUE] Found new protein to process: P40509
  [QUEUE] Found new protein to process: P40510
  [QUEUE] Found new protein to process: P40511
  [QUEUE] Found new protein to process: P40512
  [QUEUE] Found new protein to process: P40513
  [QUEUE] Found new protein to process: P40518
  [QUEUE] Found new protein to process: P40525
  [QUEUE] Found new protein to process: P40527
  [QUEUE] Found new protein to process: P40531
  [QUEUE] Found new protein to process: P40540
  [QUEUE] Found new protein to process: P40541
  [QUEUE] Found new protein to process: P40546
  [QUEUE] Found new protein to process: P40547
  [QUEUE] Found new protein to process: P40554
  [QUEUE] Found new protein to process: P40555
  [QUEUE] Found new protein to process: P40557
  [QUEUE] Found new protein to process: P40558
  [QUEUE] Found new protein to process: P40562
  [QUEUE] Found new protein to process: P40563
  [QUEUE] Found new protein to process: P40565
  [QUEUE] Found new protein to process: P40567
  [QUEUE] Found new protein to process: P40568
  [QUEUE] Found new protein to process: P40571
  [QUEUE] Found new protein to process: P40573
  [QUEUE] Found new protein to process: P40576
  [QUEUE] Found new protein to process: P40577
  [QUEUE] Found new protein to process: P40581
  [QUEUE] Found new protein to process: P40693
  [QUEUE] Found new protein to process: P40825
  [QUEUE] Found new protein to process: P40850
  [QUEUE] Found new protein to process: P40856
  [QUEUE] Found new protein to process: P40858
  [QUEUE] Found new protein to process: P40893
  [QUEUE] Found new protein to process: P40955
  [QUEUE] Found new protein to process: P40956
  [QUEUE] Found new protein to process: P40957
  [QUEUE] Found new protein to process: P40958
  [QUEUE] Found new protein to process: P40960
  [QUEUE] Found new protein to process: P40961
  [QUEUE] Found new protein to process: P40963
  [QUEUE] Found new protein to process: P40965
  [QUEUE] Found new protein to process: P40968
  [QUEUE] Found new protein to process: P40969
  [QUEUE] Found new protein to process: P40970
  [QUEUE] Found new protein to process: P40985
  [QUEUE] Found new protein to process: P40986
  [QUEUE] Found new protein to process: P40987
  [QUEUE] Found new protein to process: P40989
  [QUEUE] Found new protein to process: P40991
  [QUEUE] Found new protein to process: P40992
  [QUEUE] Found new protein to process: P40993
  [QUEUE] Found new protein to process: P41056
  [QUEUE] Found new protein to process: P41057
  [QUEUE] Found new protein to process: P41058
  [QUEUE] Found new protein to process: P41277
  [QUEUE] Found new protein to process: P41318
  [QUEUE] Found new protein to process: P41338
  [QUEUE] Found new protein to process: P41543
  [QUEUE] Found new protein to process: P41544
  [QUEUE] Found new protein to process: P41695
  [QUEUE] Found new protein to process: P41697
  [QUEUE] Found new protein to process: P41733
  [QUEUE] Found new protein to process: P41735
  [QUEUE] Found new protein to process: P41800
  [QUEUE] Found new protein to process: P41805
  [QUEUE] Found new protein to process: P41807
  [QUEUE] Found new protein to process: P41810
  [QUEUE] Found new protein to process: P41811
  [QUEUE] Found new protein to process: P41812
  [QUEUE] Found new protein to process: P41814
  [QUEUE] Found new protein to process: P41816
  [QUEUE] Found new protein to process: P41818
  [QUEUE] Found new protein to process: P41819
  [QUEUE] Found new protein to process: P41832
  [QUEUE] Found new protein to process: P41833
  [QUEUE] Found new protein to process: P41834
  [QUEUE] Found new protein to process: P41895
  [QUEUE] Found new protein to process: P41896
  [QUEUE] Found new protein to process: P41909
  [QUEUE] Found new protein to process: P41910
  [QUEUE] Found new protein to process: P41911
  [QUEUE] Found new protein to process: P41912
  [QUEUE] Found new protein to process: P41940
  [QUEUE] Found new protein to process: P42073
  [QUEUE] Found new protein to process: P42837
  [QUEUE] Found new protein to process: P42838
  [QUEUE] Found new protein to process: P42839
  [QUEUE] Found new protein to process: P42841
  [QUEUE] Found new protein to process: P42843
  [QUEUE] Found new protein to process: P42844
  [QUEUE] Found new protein to process: P42847
  [QUEUE] Found new protein to process: P42900
  [QUEUE] Found new protein to process: P42935
  [QUEUE] Found new protein to process: P42937
  [QUEUE] Found new protein to process: P42938
  [QUEUE] Found new protein to process: P42939
  [QUEUE] Found new protein to process: P42943
  [QUEUE] Found new protein to process: P42945
  [QUEUE] Found new protein to process: P42947
  [QUEUE] Found new protein to process: P42949
  [QUEUE] Found new protein to process: P43124
  [QUEUE] Found new protein to process: P43132
  [QUEUE] Found new protein to process: P43321
  [QUEUE] Found new protein to process: P43535
  [QUEUE] Found new protein to process: P43545
  [QUEUE] Found new protein to process: P43554
  [QUEUE] Found new protein to process: P43555
  [QUEUE] Found new protein to process: P43561
  [QUEUE] Found new protein to process: P43563
  [QUEUE] Found new protein to process: P43567
  [QUEUE] Found new protein to process: P43569
  [QUEUE] Found new protein to process: P43570
  [QUEUE] Found new protein to process: P43572
  [QUEUE] Found new protein to process: P43573
  [QUEUE] Found new protein to process: P43579
  [QUEUE] Found new protein to process: P43582
  [QUEUE] Found new protein to process: P43583
  [QUEUE] Found new protein to process: P43585
  [QUEUE] Found new protein to process: P43586
  [QUEUE] Found new protein to process: P43587
  [QUEUE] Found new protein to process: P43588
  [QUEUE] Found new protein to process: P43589
  [QUEUE] Found new protein to process: P43592
  [QUEUE] Found new protein to process: P43593
  [QUEUE] Found new protein to process: P43594
  [QUEUE] Found new protein to process: P43596
  [QUEUE] Found new protein to process: P43598
  [QUEUE] Found new protein to process: P43601
  [QUEUE] Found new protein to process: P43603
  [QUEUE] Found new protein to process: P43609
  [QUEUE] Found new protein to process: P43612
  [QUEUE] Found new protein to process: P43615
  [QUEUE] Found new protein to process: P43616
  [QUEUE] Found new protein to process: P43618
  [QUEUE] Found new protein to process: P43621
  [QUEUE] Found new protein to process: P43636
  [QUEUE] Found new protein to process: P43638
  [QUEUE] Found new protein to process: P43639
  [QUEUE] Found new protein to process: P43682
  [QUEUE] Found new protein to process: P45818
  [QUEUE] Found new protein to process: P45976
  [QUEUE] Found new protein to process: P46151
  [QUEUE] Found new protein to process: P46367
  [QUEUE] Found new protein to process: P46654
  [QUEUE] Found new protein to process: P46655
  [QUEUE] Found new protein to process: P46669
  [QUEUE] Found new protein to process: P46671
  [QUEUE] Found new protein to process: P46672
  [QUEUE] Found new protein to process: P46673
  [QUEUE] Found new protein to process: P46674
  [QUEUE] Found new protein to process: P46676
  [QUEUE] Found new protein to process: P46677
  [QUEUE] Found new protein to process: P46678
  [QUEUE] Found new protein to process: P46682
  [QUEUE] Found new protein to process: P46683
  [QUEUE] Found new protein to process: P46784
  [QUEUE] Found new protein to process: P46944
  [QUEUE] Found new protein to process: P46947
  [QUEUE] Found new protein to process: P46948
  [QUEUE] Found new protein to process: P46949
  [QUEUE] Found new protein to process: P46956
  [QUEUE] Found new protein to process: P46957
  [QUEUE] Found new protein to process: P46959
  [QUEUE] Found new protein to process: P46961
  [QUEUE] Found new protein to process: P46962
  [QUEUE] Found new protein to process: P46963
  [QUEUE] Found new protein to process: P46964
  [QUEUE] Found new protein to process: P46965
  [QUEUE] Found new protein to process: P46971
  [QUEUE] Found new protein to process: P46972
  [QUEUE] Found new protein to process: P46982
  [QUEUE] Found new protein to process: P46984
  [QUEUE] Found new protein to process: P46985
  [QUEUE] Found new protein to process: P46988
  [QUEUE] Found new protein to process: P46990
  [QUEUE] Found new protein to process: P46992
  [QUEUE] Found new protein to process: P46995
  [QUEUE] Found new protein to process: P47005
  [QUEUE] Found new protein to process: P47006
  [QUEUE] Found new protein to process: P47008
  [QUEUE] Found new protein to process: P47009
  [QUEUE] Found new protein to process: P47011
  [QUEUE] Found new protein to process: P47015
  [QUEUE] Found new protein to process: P47017
  [QUEUE] Found new protein to process: P47019
  [QUEUE] Found new protein to process: P47027
  [QUEUE] Found new protein to process: P47029
  [QUEUE] Found new protein to process: P47035
  [QUEUE] Found new protein to process: P47037
  [QUEUE] Found new protein to process: P47041
  [QUEUE] Found new protein to process: P47045
  [QUEUE] Found new protein to process: P47047
  [QUEUE] Found new protein to process: P47050
  [QUEUE] Found new protein to process: P47054
  [QUEUE] Found new protein to process: P47057
  [QUEUE] Found new protein to process: P47058
  [QUEUE] Found new protein to process: P47061
  [QUEUE] Found new protein to process: P47064
  [QUEUE] Found new protein to process: P47065
  [QUEUE] Found new protein to process: P47068
  [QUEUE] Found new protein to process: P47069
  [QUEUE] Found new protein to process: P47074
  [QUEUE] Found new protein to process: P47075
  [QUEUE] Found new protein to process: P47076
  [QUEUE] Found new protein to process: P47077
  [QUEUE] Found new protein to process: P47079
  [QUEUE] Found new protein to process: P47083
  [QUEUE] Found new protein to process: P47086
  [QUEUE] Found new protein to process: P47088
  [QUEUE] Found new protein to process: P47089
  [QUEUE] Found new protein to process: P47093
  [QUEUE] Found new protein to process: P47100
  [QUEUE] Found new protein to process: P47104
  [QUEUE] Found new protein to process: P47108
  [QUEUE] Found new protein to process: P47110
  [QUEUE] Found new protein to process: P47111
  [QUEUE] Found new protein to process: P47113
  [QUEUE] Found new protein to process: P47117
  [QUEUE] Found new protein to process: P47118
  [QUEUE] Found new protein to process: P47122
  [QUEUE] Found new protein to process: P47123
  [QUEUE] Found new protein to process: P47124
  [QUEUE] Found new protein to process: P47128
  [QUEUE] Found new protein to process: P47130
  [QUEUE] Found new protein to process: P47133
  [QUEUE] Found new protein to process: P47134
  [QUEUE] Found new protein to process: P47136
  [QUEUE] Found new protein to process: P47141
  [QUEUE] Found new protein to process: P47142
  [QUEUE] Found new protein to process: P47143
  [QUEUE] Found new protein to process: P47149
  [QUEUE] Found new protein to process: P47150
  [QUEUE] Found new protein to process: P47154
  [QUEUE] Found new protein to process: P47158
  [QUEUE] Found new protein to process: P47160
  [QUEUE] Found new protein to process: P47167
  [QUEUE] Found new protein to process: P47168
  [QUEUE] Found new protein to process: P47169
  [QUEUE] Found new protein to process: P47170
  [QUEUE] Found new protein to process: P47171
  [QUEUE] Found new protein to process: P47190
  [QUEUE] Found new protein to process: P47771
  [QUEUE] Found new protein to process: P47821
  [QUEUE] Found new protein to process: P47822
  [QUEUE] Found new protein to process: P47912
  [QUEUE] Found new protein to process: P48015
  [QUEUE] Found new protein to process: P48164
  [QUEUE] Found new protein to process: P48232
  [QUEUE] Found new protein to process: P48234
  [QUEUE] Found new protein to process: P48237
  [QUEUE] Found new protein to process: P48240
  [QUEUE] Found new protein to process: P48353
  [QUEUE] Found new protein to process: P48361
  [QUEUE] Found new protein to process: P48362
  [QUEUE] Found new protein to process: P48363
  [QUEUE] Found new protein to process: P48412
  [QUEUE] Found new protein to process: P48415
  [QUEUE] Found new protein to process: P48439
  [QUEUE] Found new protein to process: P48445
  [QUEUE] Found new protein to process: P48524
  [QUEUE] Found new protein to process: P48526
  [QUEUE] Found new protein to process: P48561
  [QUEUE] Found new protein to process: P48562
  [QUEUE] Found new protein to process: P48563
  [QUEUE] Found new protein to process: P48566
  [QUEUE] Found new protein to process: P48570
  [QUEUE] Found new protein to process: P48581
  [QUEUE] Found new protein to process: P48582
  [QUEUE] Found new protein to process: P48589
  [QUEUE] Found new protein to process: P48606
  [QUEUE] Found new protein to process: P48836
  [QUEUE] Found new protein to process: P48837
  [QUEUE] Found new protein to process: P49017
  [QUEUE] Found new protein to process: P49018
  [QUEUE] Found new protein to process: P49089
  [QUEUE] Found new protein to process: P49090
  [QUEUE] Found new protein to process: P49095
  [QUEUE] Found new protein to process: P49166
  [QUEUE] Found new protein to process: P49167
  [QUEUE] Found new protein to process: P49334
  [QUEUE] Found new protein to process: P49573
  [QUEUE] Found new protein to process: P49626
  [QUEUE] Found new protein to process: P49686
  [QUEUE] Found new protein to process: P49687
  [QUEUE] Found new protein to process: P49704
  [QUEUE] Found new protein to process: P49723
  [QUEUE] Found new protein to process: P49955
  [QUEUE] Found new protein to process: P49956
  [QUEUE] Found new protein to process: P49957
  [QUEUE] Found new protein to process: P49960
  [QUEUE] Found new protein to process: P50079
  [QUEUE] Found new protein to process: P50082
  [QUEUE] Found new protein to process: P50085
  [QUEUE] Found new protein to process: P50086
  [QUEUE] Found new protein to process: P50087
  [QUEUE] Found new protein to process: P50089
  [QUEUE] Found new protein to process: P50090
  [QUEUE] Found new protein to process: P50091
  [QUEUE] Found new protein to process: P50094
  [QUEUE] Found new protein to process: P50095
  [QUEUE] Found new protein to process: P50101
  [QUEUE] Found new protein to process: P50102
  [QUEUE] Found new protein to process: P50105
  [QUEUE] Found new protein to process: P50106
  [QUEUE] Found new protein to process: P50108
  [QUEUE] Found new protein to process: P50109
  [QUEUE] Found new protein to process: P50110
  [QUEUE] Found new protein to process: P50111
  [QUEUE] Found new protein to process: P50278
  [QUEUE] Found new protein to process: P50874
  [QUEUE] Found new protein to process: P50875
  [QUEUE] Found new protein to process: P50942
  [QUEUE] Found new protein to process: P50945
  [QUEUE] Found new protein to process: P50946
  [QUEUE] Found new protein to process: P50947
  [QUEUE] Found new protein to process: P51401
  [QUEUE] Found new protein to process: P51402
  [QUEUE] Found new protein to process: P51534
  [QUEUE] Found new protein to process: P51601
  [QUEUE] Found new protein to process: P51862
  [QUEUE] Found new protein to process: P51996
  [QUEUE] Found new protein to process: P51998
  [QUEUE] Found new protein to process: P52286
  [QUEUE] Found new protein to process: P52488
  [QUEUE] Found new protein to process: P52490
  [QUEUE] Found new protein to process: P52491
  [QUEUE] Found new protein to process: P52553
  [QUEUE] Found new protein to process: P52593
  [QUEUE] Found new protein to process: P52867
  [QUEUE] Found new protein to process: P52868
  [QUEUE] Found new protein to process: P52870
  [QUEUE] Found new protein to process: P52871
  [QUEUE] Found new protein to process: P52891
  [QUEUE] Found new protein to process: P52910
  [QUEUE] Found new protein to process: P52911
  [QUEUE] Found new protein to process: P52917
  [QUEUE] Found new protein to process: P52920
  [QUEUE] Found new protein to process: P52960
  [QUEUE] Found new protein to process: P53010
  [QUEUE] Found new protein to process: P53011
  [QUEUE] Found new protein to process: P53037
  [QUEUE] Found new protein to process: P53038
  [QUEUE] Found new protein to process: P53039
  [QUEUE] Found new protein to process: P53040
  [QUEUE] Found new protein to process: P53043
  [QUEUE] Found new protein to process: P53044
  [QUEUE] Found new protein to process: P53045
  [QUEUE] Found new protein to process: P53049
  [QUEUE] Found new protein to process: P53061
  [QUEUE] Found new protein to process: P53063
  [QUEUE] Found new protein to process: P53064
  [QUEUE] Found new protein to process: P53066
  [QUEUE] Found new protein to process: P53067
  [QUEUE] Found new protein to process: P53068
  [QUEUE] Found new protein to process: P53073
  [QUEUE] Found new protein to process: P53076
  [QUEUE] Found new protein to process: P53079
  [QUEUE] Found new protein to process: P53081
  [QUEUE] Found new protein to process: P53082
  [QUEUE] Found new protein to process: P53083
  [QUEUE] Found new protein to process: P53088
  [QUEUE] Found new protein to process: P53091
  [QUEUE] Found new protein to process: P53093
  [QUEUE] Found new protein to process: P53094
  [QUEUE] Found new protein to process: P53096
  [QUEUE] Found new protein to process: P53102
  [QUEUE] Found new protein to process: P53104
  [QUEUE] Found new protein to process: P53108
  [QUEUE] Found new protein to process: P53112
  [QUEUE] Found new protein to process: P53114
  [QUEUE] Found new protein to process: P53115
  [QUEUE] Found new protein to process: P53124
  [QUEUE] Found new protein to process: P53125
  [QUEUE] Found new protein to process: P53127
  [QUEUE] Found new protein to process: P53128
  [QUEUE] Found new protein to process: P53129
  [QUEUE] Found new protein to process: P53131
  [QUEUE] Found new protein to process: P53135
  [QUEUE] Found new protein to process: P53136
  [QUEUE] Found new protein to process: P53137
  [QUEUE] Found new protein to process: P53141
  [QUEUE] Found new protein to process: P53145
  [QUEUE] Found new protein to process: P53146
  [QUEUE] Found new protein to process: P53148
  [QUEUE] Found new protein to process: P53150
  [QUEUE] Found new protein to process: P53152
  [QUEUE] Found new protein to process: P53153
  [QUEUE] Found new protein to process: P53157
  [QUEUE] Found new protein to process: P53158
  [QUEUE] Found new protein to process: P53159
  [QUEUE] Found new protein to process: P53163
  [QUEUE] Found new protein to process: P53165
  [QUEUE] Found new protein to process: P53166
  [QUEUE] Found new protein to process: P53168
  [QUEUE] Found new protein to process: P53171
  [QUEUE] Found new protein to process: P53173
  [QUEUE] Found new protein to process: P53176
  [QUEUE] Found new protein to process: P53178
  [QUEUE] Found new protein to process: P53185
  [QUEUE] Found new protein to process: P53187
  [QUEUE] Found new protein to process: P53191
  [QUEUE] Found new protein to process: P53192
  [QUEUE] Found new protein to process: P53195
  [QUEUE] Found new protein to process: P53196
  [QUEUE] Found new protein to process: P53197
  [QUEUE] Found new protein to process: P53199
  [QUEUE] Found new protein to process: P53201
  [QUEUE] Found new protein to process: P53202
  [QUEUE] Found new protein to process: P53204
  [QUEUE] Found new protein to process: P53207
  [QUEUE] Found new protein to process: P53209
  [QUEUE] Found new protein to process: P53210
  [QUEUE] Found new protein to process: P53217
  [QUEUE] Found new protein to process: P53218
  [QUEUE] Found new protein to process: P53220
  [QUEUE] Found new protein to process: P53221
  [QUEUE] Found new protein to process: P53224
  [QUEUE] Found new protein to process: P53228
  [QUEUE] Found new protein to process: P53233
  [QUEUE] Found new protein to process: P53235
  [QUEUE] Found new protein to process: P53236
  [QUEUE] Found new protein to process: P53242
  [QUEUE] Found new protein to process: P53246
  [QUEUE] Found new protein to process: P53250
  [QUEUE] Found new protein to process: P53251
  [QUEUE] Found new protein to process: P53252
  [QUEUE] Found new protein to process: P53253
  [QUEUE] Found new protein to process: P53254
  [QUEUE] Found new protein to process: P53256
  [QUEUE] Found new protein to process: P53260
  [QUEUE] Found new protein to process: P53261
  [QUEUE] Found new protein to process: P53262
  [QUEUE] Found new protein to process: P53267
  [QUEUE] Found new protein to process: P53271
  [QUEUE] Found new protein to process: P53276
  [QUEUE] Found new protein to process: P53277
  [QUEUE] Found new protein to process: P53278
  [QUEUE] Found new protein to process: P53280
  [QUEUE] Found new protein to process: P53281
  [QUEUE] Found new protein to process: P53289
  [QUEUE] Found new protein to process: P53290
  [QUEUE] Found new protein to process: P53292
  [QUEUE] Found new protein to process: P53295
  [QUEUE] Found new protein to process: P53297
  [QUEUE] Found new protein to process: P53298
  [QUEUE] Found new protein to process: P53299
  [QUEUE] Found new protein to process: P53303
  [QUEUE] Found new protein to process: P53305
  [QUEUE] Found new protein to process: P53306
  [QUEUE] Found new protein to process: P53311
  [QUEUE] Found new protein to process: P53312
  [QUEUE] Found new protein to process: P53313
  [QUEUE] Found new protein to process: P53317
  [QUEUE] Found new protein to process: P53318
  [QUEUE] Found new protein to process: P53319
  [QUEUE] Found new protein to process: P53323
  [QUEUE] Found new protein to process: P53326
  [QUEUE] Found new protein to process: P53327
  [QUEUE] Found new protein to process: P53330
  [QUEUE] Found new protein to process: P53332
  [QUEUE] Found new protein to process: P53333
  [QUEUE] Found new protein to process: P53335
  [QUEUE] Found new protein to process: P53336
  [QUEUE] Found new protein to process: P53337
  [QUEUE] Found new protein to process: P53378
  [QUEUE] Found new protein to process: P53437
  [QUEUE] Found new protein to process: P53507
  [QUEUE] Found new protein to process: P53538
  [QUEUE] Found new protein to process: P53540
  [QUEUE] Found new protein to process: P53549
  [QUEUE] Found new protein to process: P53550
  [QUEUE] Found new protein to process: P53551
  [QUEUE] Found new protein to process: P53552
  [QUEUE] Found new protein to process: P53598
  [QUEUE] Found new protein to process: P53599
  [QUEUE] Found new protein to process: P53600
  [QUEUE] Found new protein to process: P53617
  [QUEUE] Found new protein to process: P53622
  [QUEUE] Found new protein to process: P53628
  [QUEUE] Found new protein to process: P53632
  [QUEUE] Found new protein to process: P53685
  [QUEUE] Found new protein to process: P53691
  [QUEUE] Found new protein to process: P53721
  [QUEUE] Found new protein to process: P53723
  [QUEUE] Found new protein to process: P53724
  [QUEUE] Found new protein to process: P53725
  [QUEUE] Found new protein to process: P53731
  [QUEUE] Found new protein to process: P53732
  [QUEUE] Found new protein to process: P53733
  [QUEUE] Found new protein to process: P53734
  [QUEUE] Found new protein to process: P53738
  [QUEUE] Found new protein to process: P53739
  [QUEUE] Found new protein to process: P53740
  [QUEUE] Found new protein to process: P53741
  [QUEUE] Found new protein to process: P53742
  [QUEUE] Found new protein to process: P53743
  [QUEUE] Found new protein to process: P53751
  [QUEUE] Found new protein to process: P53769
  [QUEUE] Found new protein to process: P53823
  [QUEUE] Found new protein to process: P53829
  [QUEUE] Found new protein to process: P53830
  [QUEUE] Found new protein to process: P53833
  [QUEUE] Found new protein to process: P53835
  [QUEUE] Found new protein to process: P53839
  [QUEUE] Found new protein to process: P53840
  [QUEUE] Found new protein to process: P53843
  [QUEUE] Found new protein to process: P53844
  [QUEUE] Found new protein to process: P53845
  [QUEUE] Found new protein to process: P53846
  [QUEUE] Found new protein to process: P53847
  [QUEUE] Found new protein to process: P53851
  [QUEUE] Found new protein to process: P53852
  [QUEUE] Found new protein to process: P53853
  [QUEUE] Found new protein to process: P53854
  [QUEUE] Found new protein to process: P53855
  [QUEUE] Found new protein to process: P53858
  [QUEUE] Found new protein to process: P53859
  [QUEUE] Found new protein to process: P53860
  [QUEUE] Found new protein to process: P53861
  [QUEUE] Found new protein to process: P53863
  [QUEUE] Found new protein to process: P53865
  [QUEUE] Found new protein to process: P53866
  [QUEUE] Found new protein to process: P53868
  [QUEUE] Found new protein to process: P53871
  [QUEUE] Found new protein to process: P53874
  [QUEUE] Found new protein to process: P53875
  [QUEUE] Found new protein to process: P53877
  [QUEUE] Found new protein to process: P53879
  [QUEUE] Found new protein to process: P53881
  [QUEUE] Found new protein to process: P53883
  [QUEUE] Found new protein to process: P53886
  [QUEUE] Found new protein to process: P53890
  [QUEUE] Found new protein to process: P53892
  [QUEUE] Found new protein to process: P53894
  [QUEUE] Found new protein to process: P53895
  [QUEUE] Found new protein to process: P53896
  [QUEUE] Found new protein to process: P53900
  [QUEUE] Found new protein to process: P53901
  [QUEUE] Found new protein to process: P53903
  [QUEUE] Found new protein to process: P53905
  [QUEUE] Found new protein to process: P53909
  [QUEUE] Found new protein to process: P53911
  [QUEUE] Found new protein to process: P53914
  [QUEUE] Found new protein to process: P53917
  [QUEUE] Found new protein to process: P53919
  [QUEUE] Found new protein to process: P53921
  [QUEUE] Found new protein to process: P53923
  [QUEUE] Found new protein to process: P53924
  [QUEUE] Found new protein to process: P53927
  [QUEUE] Found new protein to process: P53930
  [QUEUE] Found new protein to process: P53933
  [QUEUE] Found new protein to process: P53935
  [QUEUE] Found new protein to process: P53937
  [QUEUE] Found new protein to process: P53939
  [QUEUE] Found new protein to process: P53941
  [QUEUE] Found new protein to process: P53942
  [QUEUE] Found new protein to process: P53946
  [QUEUE] Found new protein to process: P53949
  [QUEUE] Found new protein to process: P53950
  [QUEUE] Found new protein to process: P53951
  [QUEUE] Found new protein to process: P53953
  [QUEUE] Found new protein to process: P53958
  [QUEUE] Found new protein to process: P53959
  [QUEUE] Found new protein to process: P53961
  [QUEUE] Found new protein to process: P53962
  [QUEUE] Found new protein to process: P53965
  [QUEUE] Found new protein to process: P53969
  [QUEUE] Found new protein to process: P53971
  [QUEUE] Found new protein to process: P53972
  [QUEUE] Found new protein to process: P53973
  [QUEUE] Found new protein to process: P53981
  [QUEUE] Found new protein to process: P53983
  [QUEUE] Found new protein to process: P54074
  [QUEUE] Found new protein to process: P54113
  [QUEUE] Found new protein to process: P54114
  [QUEUE] Found new protein to process: P54115
  [QUEUE] Found new protein to process: P54730
  [QUEUE] Found new protein to process: P54780
  [QUEUE] Found new protein to process: P54784
  [QUEUE] Found new protein to process: P54786
  [QUEUE] Found new protein to process: P54790
  [QUEUE] Found new protein to process: P54791
  [QUEUE] Found new protein to process: P54837
  [QUEUE] Found new protein to process: P54857
  [QUEUE] Found new protein to process: P54858
  [QUEUE] Found new protein to process: P54860
  [QUEUE] Found new protein to process: P54861
  [QUEUE] Found new protein to process: P54885
  [QUEUE] Found new protein to process: P54999
  [QUEUE] Found new protein to process: P56628
  [QUEUE] Found new protein to process: P57743
  [QUEUE] Found new protein to process: P57744
  [QUEUE] Found new protein to process: P60010
  [QUEUE] Found new protein to process: P61829
  [QUEUE] Found new protein to process: P61830
  [QUEUE] Found new protein to process: P62651
  [QUEUE] Found new protein to process: P69850
  [QUEUE] Found new protein to process: P69851
  [QUEUE] Found new protein to process: P69852
  [QUEUE] Found new protein to process: P80210
  [QUEUE] Found new protein to process: P80428
  [QUEUE] Found new protein to process: P80667
  [QUEUE] Found new protein to process: P80967
  [QUEUE] Found new protein to process: P81449
  [QUEUE] Found new protein to process: P81450
  [QUEUE] Found new protein to process: P81451
  [QUEUE] Found new protein to process: P87108
  [QUEUE] Found new protein to process: P87262
  [QUEUE] Found new protein to process: P87284
  [QUEUE] Found new protein to process: P89102
  [QUEUE] Found new protein to process: P89105
  [QUEUE] Found new protein to process: P89114
  [QUEUE] Found new protein to process: P89886
  [QUEUE] Found new protein to process: Q00055
  [QUEUE] Found new protein to process: Q00362
  [QUEUE] Found new protein to process: Q00381
  [QUEUE] Found new protein to process: Q00402
  [QUEUE] Found new protein to process: Q00416
  [QUEUE] Found new protein to process: Q00539
  [QUEUE] Found new protein to process: Q00578
  [QUEUE] Found new protein to process: Q00582
  [QUEUE] Found new protein to process: Q00618
  [QUEUE] Found new protein to process: Q00684
  [QUEUE] Found new protein to process: Q00711
  [QUEUE] Found new protein to process: Q00723
  [QUEUE] Found new protein to process: Q00764
  [QUEUE] Found new protein to process: Q00776
  [QUEUE] Found new protein to process: Q00816
  [QUEUE] Found new protein to process: Q00916
  [QUEUE] Found new protein to process: Q00955
  [QUEUE] Found new protein to process: Q01080
  [QUEUE] Found new protein to process: Q01159
  [QUEUE] Found new protein to process: Q01163
  [QUEUE] Found new protein to process: Q01329
  [QUEUE] Found new protein to process: Q01448
  [QUEUE] Found new protein to process: Q01454
  [QUEUE] Found new protein to process: Q01476
  [QUEUE] Found new protein to process: Q01477
  [QUEUE] Found new protein to process: Q01519
  [QUEUE] Found new protein to process: Q01590
  [QUEUE] Found new protein to process: Q01662
  [QUEUE] Found new protein to process: Q01722
  [QUEUE] Found new protein to process: Q01852
  [QUEUE] Found new protein to process: Q01855
  [QUEUE] Found new protein to process: Q01939
  [QUEUE] Found new protein to process: Q02159
  [QUEUE] Found new protein to process: Q02197
  [QUEUE] Found new protein to process: Q02199
  [QUEUE] Found new protein to process: Q02202
  [QUEUE] Found new protein to process: Q02204
  [QUEUE] Found new protein to process: Q02205
  [QUEUE] Found new protein to process: Q02206
  [QUEUE] Found new protein to process: Q02256
  [QUEUE] Found new protein to process: Q02260
  [QUEUE] Found new protein to process: Q02326
  [QUEUE] Found new protein to process: Q02336
  [QUEUE] Found new protein to process: Q02354
  [QUEUE] Found new protein to process: Q02455
  [QUEUE] Found new protein to process: Q02457
  [QUEUE] Found new protein to process: Q02486
  [QUEUE] Found new protein to process: Q02516
  [QUEUE] Found new protein to process: Q02521
  [QUEUE] Found new protein to process: Q02554
  [QUEUE] Found new protein to process: Q02574
  [QUEUE] Found new protein to process: Q02608
  [QUEUE] Found new protein to process: Q02629
  [QUEUE] Found new protein to process: Q02630
  [QUEUE] Found new protein to process: Q02642
  [QUEUE] Found new protein to process: Q02647
  [QUEUE] Found new protein to process: Q02685
  [QUEUE] Found new protein to process: Q02721
  [QUEUE] Found new protein to process: Q02724
  [QUEUE] Found new protein to process: Q02725
  [QUEUE] Found new protein to process: Q02732
  [QUEUE] Found new protein to process: Q02753
  [QUEUE] Found new protein to process: Q02767
  [QUEUE] Found new protein to process: Q02770
  [QUEUE] Found new protein to process: Q02771
  [QUEUE] Found new protein to process: Q02772
  [QUEUE] Found new protein to process: Q02773
  [QUEUE] Found new protein to process: Q02775
  [QUEUE] Found new protein to process: Q02776
  [QUEUE] Found new protein to process: Q02784
  [QUEUE] Found new protein to process: Q02792
  [QUEUE] Found new protein to process: Q02793
  [QUEUE] Found new protein to process: Q02795
  [QUEUE] Found new protein to process: Q02796
  [QUEUE] Found new protein to process: Q02805
  [QUEUE] Found new protein to process: Q02821
  [QUEUE] Found new protein to process: Q02825
  [QUEUE] Found new protein to process: Q02866
  [QUEUE] Found new protein to process: Q02872
  [QUEUE] Found new protein to process: Q02884
  [QUEUE] Found new protein to process: Q02888
  [QUEUE] Found new protein to process: Q02889
  [QUEUE] Found new protein to process: Q02890
  [QUEUE] Found new protein to process: Q02892
  [QUEUE] Found new protein to process: Q02908
  [QUEUE] Found new protein to process: Q02931
  [QUEUE] Found new protein to process: Q02939
  [QUEUE] Found new protein to process: Q02948
  [QUEUE] Found new protein to process: Q02950
  [QUEUE] Found new protein to process: Q02983
  [QUEUE] Found new protein to process: Q03010
  [QUEUE] Found new protein to process: Q03012
  [QUEUE] Found new protein to process: Q03016
  [QUEUE] Found new protein to process: Q03018
  [QUEUE] Found new protein to process: Q03020
  [QUEUE] Found new protein to process: Q03048
  [QUEUE] Found new protein to process: Q03063
  [QUEUE] Found new protein to process: Q03067
  [QUEUE] Found new protein to process: Q03071
  [QUEUE] Found new protein to process: Q03081
  [QUEUE] Found new protein to process: Q03088
  [QUEUE] Found new protein to process: Q03096
  [QUEUE] Found new protein to process: Q03124
  [QUEUE] Found new protein to process: Q03144
  [QUEUE] Found new protein to process: Q03148
  [QUEUE] Found new protein to process: Q03153
  [QUEUE] Found new protein to process: Q03161
  [QUEUE] Found new protein to process: Q03162
  [QUEUE] Found new protein to process: Q03175
  [QUEUE] Found new protein to process: Q03178
  [QUEUE] Found new protein to process: Q03195
  [QUEUE] Found new protein to process: Q03201
  [QUEUE] Found new protein to process: Q03208
  [QUEUE] Found new protein to process: Q03213
  [QUEUE] Found new protein to process: Q03214
  [QUEUE] Found new protein to process: Q03246
  [QUEUE] Found new protein to process: Q03290
  [QUEUE] Found new protein to process: Q03306
  [QUEUE] Found new protein to process: Q03308
  [QUEUE] Found new protein to process: Q03322
  [QUEUE] Found new protein to process: Q03323
  [QUEUE] Found new protein to process: Q03327
  [QUEUE] Found new protein to process: Q03330
  [QUEUE] Found new protein to process: Q03337
  [QUEUE] Found new protein to process: Q03338
  [QUEUE] Found new protein to process: Q03361
  [QUEUE] Found new protein to process: Q03362
  [QUEUE] Found new protein to process: Q03370
  [QUEUE] Found new protein to process: Q03373
  [QUEUE] Found new protein to process: Q03375
  [QUEUE] Found new protein to process: Q03388
  [QUEUE] Found new protein to process: Q03406
  [QUEUE] Found new protein to process: Q03407
  [QUEUE] Found new protein to process: Q03430
  [QUEUE] Found new protein to process: Q03433
  [QUEUE] Found new protein to process: Q03435
  [QUEUE] Found new protein to process: Q03497
  [QUEUE] Found new protein to process: Q03503
  [QUEUE] Found new protein to process: Q03516
  [QUEUE] Found new protein to process: Q03525
  [QUEUE] Found new protein to process: Q03532
  [QUEUE] Found new protein to process: Q03557
  [QUEUE] Found new protein to process: Q03558
  [QUEUE] Found new protein to process: Q03579
  [QUEUE] Found new protein to process: Q03630
  [QUEUE] Found new protein to process: Q03640
  [QUEUE] Found new protein to process: Q03654
  [QUEUE] Found new protein to process: Q03660
  [QUEUE] Found new protein to process: Q03690
  [QUEUE] Found new protein to process: Q03691
  [QUEUE] Found new protein to process: Q03705
  [QUEUE] Found new protein to process: Q03707
  [QUEUE] Found new protein to process: Q03713
  [QUEUE] Found new protein to process: Q03714
  [QUEUE] Found new protein to process: Q03718
  [QUEUE] Found new protein to process: Q03723
  [QUEUE] Found new protein to process: Q03735
  [QUEUE] Found new protein to process: Q03750
  [QUEUE] Found new protein to process: Q03758
  [QUEUE] Found new protein to process: Q03759
  [QUEUE] Found new protein to process: Q03761
  [QUEUE] Found new protein to process: Q03768
  [QUEUE] Found new protein to process: Q03772
  [QUEUE] Found new protein to process: Q03774
  [QUEUE] Found new protein to process: Q03776
  [QUEUE] Found new protein to process: Q03780
  [QUEUE] Found new protein to process: Q03782
  [QUEUE] Found new protein to process: Q03784
  [QUEUE] Found new protein to process: Q03785
  [QUEUE] Found new protein to process: Q03790
  [QUEUE] Found new protein to process: Q03796
  [QUEUE] Found new protein to process: Q03799
  [QUEUE] Found new protein to process: Q03818
  [QUEUE] Found new protein to process: Q03834
  [QUEUE] Found new protein to process: Q03835
  [QUEUE] Found new protein to process: Q03862
  [QUEUE] Found new protein to process: Q03897
  [QUEUE] Found new protein to process: Q03898
  [QUEUE] Found new protein to process: Q03899
  [QUEUE] Found new protein to process: Q03920
  [QUEUE] Found new protein to process: Q03921
  [QUEUE] Found new protein to process: Q03940
  [QUEUE] Found new protein to process: Q03941
  [QUEUE] Found new protein to process: Q03944
  [QUEUE] Found new protein to process: Q03954
  [QUEUE] Found new protein to process: Q03956
  [QUEUE] Found new protein to process: Q03957
  [QUEUE] Found new protein to process: Q03973
  [QUEUE] Found new protein to process: Q03976
  [QUEUE] Found new protein to process: Q03981
  [QUEUE] Found new protein to process: Q04002
  [QUEUE] Found new protein to process: Q04003
  [QUEUE] Found new protein to process: Q04013
  [QUEUE] Found new protein to process: Q04031
  [QUEUE] Found new protein to process: Q04033
  [QUEUE] Found new protein to process: Q04048
  [QUEUE] Found new protein to process: Q04053
  [QUEUE] Found new protein to process: Q04062
  [QUEUE] Found new protein to process: Q04067
  [QUEUE] Found new protein to process: Q04080
  [QUEUE] Found new protein to process: Q04082
  [QUEUE] Found new protein to process: Q04087
  [QUEUE] Found new protein to process: Q04110
  [QUEUE] Found new protein to process: Q04119
  [QUEUE] Found new protein to process: Q04120
  [QUEUE] Found new protein to process: Q04149
  [QUEUE] Found new protein to process: Q04172
  [QUEUE] Found new protein to process: Q04175
  [QUEUE] Found new protein to process: Q04177
  [QUEUE] Found new protein to process: Q04182
  [QUEUE] Found new protein to process: Q04183
  [QUEUE] Found new protein to process: Q04199
  [QUEUE] Found new protein to process: Q04213
  [QUEUE] Found new protein to process: Q04216
  [QUEUE] Found new protein to process: Q04217
  [QUEUE] Found new protein to process: Q04225
  [QUEUE] Found new protein to process: Q04226
  [QUEUE] Found new protein to process: Q04228
  [QUEUE] Found new protein to process: Q04233
  [QUEUE] Found new protein to process: Q04264
  [QUEUE] Found new protein to process: Q04272
  [QUEUE] Found new protein to process: Q04279
  [QUEUE] Found new protein to process: Q04305
  [QUEUE] Found new protein to process: Q04307
  [QUEUE] Found new protein to process: Q04311
  [QUEUE] Found new protein to process: Q04322
  [QUEUE] Found new protein to process: Q04338
  [QUEUE] Found new protein to process: Q04359
  [QUEUE] Found new protein to process: Q04368
  [QUEUE] Found new protein to process: Q04370
  [QUEUE] Found new protein to process: Q04372
  [QUEUE] Found new protein to process: Q04373
  [QUEUE] Found new protein to process: Q04377
  [QUEUE] Found new protein to process: Q04383
  [QUEUE] Found new protein to process: Q04410
  [QUEUE] Found new protein to process: Q04431
  [QUEUE] Found new protein to process: Q04437
  [QUEUE] Found new protein to process: Q04439
  [QUEUE] Found new protein to process: Q04472
  [QUEUE] Found new protein to process: Q04477
  [QUEUE] Found new protein to process: Q04491
  [QUEUE] Found new protein to process: Q04493
  [QUEUE] Found new protein to process: Q04500
  [QUEUE] Found new protein to process: Q04511
  [QUEUE] Found new protein to process: Q04533
  [QUEUE] Found new protein to process: Q04549
  [QUEUE] Found new protein to process: Q04598
  [QUEUE] Found new protein to process: Q04599
  [QUEUE] Found new protein to process: Q04600
  [QUEUE] Found new protein to process: Q04601
  [QUEUE] Found new protein to process: Q04603
  [QUEUE] Found new protein to process: Q04632
  [QUEUE] Found new protein to process: Q04636
  [QUEUE] Found new protein to process: Q04651
  [QUEUE] Found new protein to process: Q04659
  [QUEUE] Found new protein to process: Q04660
  [QUEUE] Found new protein to process: Q04673
  [QUEUE] Found new protein to process: Q04675
  [QUEUE] Found new protein to process: Q04693
  [QUEUE] Found new protein to process: Q04697
  [QUEUE] Found new protein to process: Q04712
  [QUEUE] Found new protein to process: Q04739
  [QUEUE] Found new protein to process: Q04749
  [QUEUE] Found new protein to process: Q04779
  [QUEUE] Found new protein to process: Q04781
  [QUEUE] Found new protein to process: Q04867
  [QUEUE] Found new protein to process: Q04868
  [QUEUE] Found new protein to process: Q04924
  [QUEUE] Found new protein to process: Q04947
  [QUEUE] Found new protein to process: Q04949
  [QUEUE] Found new protein to process: Q04952
  [QUEUE] Found new protein to process: Q04969
  [QUEUE] Found new protein to process: Q05016
  [QUEUE] Found new protein to process: Q05021
  [QUEUE] Found new protein to process: Q05022
  [QUEUE] Found new protein to process: Q05027
  [QUEUE] Found new protein to process: Q05029
  [QUEUE] Found new protein to process: Q05040
  [QUEUE] Found new protein to process: Q05050
  [QUEUE] Found new protein to process: Q05080
  [QUEUE] Found new protein to process: Q05123
  [QUEUE] Found new protein to process: Q05166
  [QUEUE] Found new protein to process: Q05359
  [QUEUE] Found new protein to process: Q05468
  [QUEUE] Found new protein to process: Q05471
  [QUEUE] Found new protein to process: Q05498
  [QUEUE] Found new protein to process: Q05506
  [QUEUE] Found new protein to process: Q05515
  [QUEUE] Found new protein to process: Q05541
  [QUEUE] Found new protein to process: Q05543
  [QUEUE] Found new protein to process: Q05568
  [QUEUE] Found new protein to process: Q05580
  [QUEUE] Found new protein to process: Q05583
  [QUEUE] Found new protein to process: Q05635
  [QUEUE] Found new protein to process: Q05636
  [QUEUE] Found new protein to process: Q05670
  [QUEUE] Found new protein to process: Q05676
  [QUEUE] Found new protein to process: Q05775
  [QUEUE] Found new protein to process: Q05778
  [QUEUE] Found new protein to process: Q05779
  [QUEUE] Found new protein to process: Q05787
  [QUEUE] Found new protein to process: Q05789
  [QUEUE] Found new protein to process: Q05791
  [QUEUE] Found new protein to process: Q05854
  [QUEUE] Found new protein to process: Q05867
  [QUEUE] Found new protein to process: Q05900
  [QUEUE] Found new protein to process: Q05902
  [QUEUE] Found new protein to process: Q05919
  [QUEUE] Found new protein to process: Q05930
  [QUEUE] Found new protein to process: Q05933
  [QUEUE] Found new protein to process: Q05934
  [QUEUE] Found new protein to process: Q05942
  [QUEUE] Found new protein to process: Q05946
  [QUEUE] Found new protein to process: Q05949
  [QUEUE] Found new protein to process: Q06001
  [QUEUE] Found new protein to process: Q06032
  [QUEUE] Found new protein to process: Q06058
  [QUEUE] Found new protein to process: Q06063
  [QUEUE] Found new protein to process: Q06070
  [QUEUE] Found new protein to process: Q06071
  [QUEUE] Found new protein to process: Q06078
  [QUEUE] Found new protein to process: Q06090
  [QUEUE] Found new protein to process: Q06091
  [QUEUE] Found new protein to process: Q06096
  [QUEUE] Found new protein to process: Q06102
  [QUEUE] Found new protein to process: Q06103
  [QUEUE] Found new protein to process: Q06106
  [QUEUE] Found new protein to process: Q06108
  [QUEUE] Found new protein to process: Q06109
  [QUEUE] Found new protein to process: Q06132
  [QUEUE] Found new protein to process: Q06137
  [QUEUE] Found new protein to process: Q06142
  [QUEUE] Found new protein to process: Q06144
  [QUEUE] Found new protein to process: Q06146
  [QUEUE] Found new protein to process: Q06151
  [QUEUE] Found new protein to process: Q06156
  [QUEUE] Found new protein to process: Q06162
  [QUEUE] Found new protein to process: Q06163
  [QUEUE] Found new protein to process: Q06164
  [QUEUE] Found new protein to process: Q06168
  [QUEUE] Found new protein to process: Q06169
  [QUEUE] Found new protein to process: Q06178
  [QUEUE] Found new protein to process: Q06179
  [QUEUE] Found new protein to process: Q06188
  [QUEUE] Found new protein to process: Q06201
  [QUEUE] Found new protein to process: Q06205
  [QUEUE] Found new protein to process: Q06208
  [QUEUE] Found new protein to process: Q06211
  [QUEUE] Found new protein to process: Q06213
  [QUEUE] Found new protein to process: Q06214
  [QUEUE] Found new protein to process: Q06217
  [QUEUE] Found new protein to process: Q06218
  [QUEUE] Found new protein to process: Q06224
  [QUEUE] Found new protein to process: Q06245
  [QUEUE] Found new protein to process: Q06247
  [QUEUE] Found new protein to process: Q06287
  [QUEUE] Found new protein to process: Q06333
  [QUEUE] Found new protein to process: Q06337
  [QUEUE] Found new protein to process: Q06338
  [QUEUE] Found new protein to process: Q06339
  [QUEUE] Found new protein to process: Q06340
  [QUEUE] Found new protein to process: Q06344
  [QUEUE] Found new protein to process: Q06346
  [QUEUE] Found new protein to process: Q06350
  [QUEUE] Found new protein to process: Q06405
  [QUEUE] Found new protein to process: Q06406
  [QUEUE] Found new protein to process: Q06407
  [QUEUE] Found new protein to process: Q06410
  [QUEUE] Found new protein to process: Q06411
  [QUEUE] Found new protein to process: Q06412
  [QUEUE] Found new protein to process: Q06440
  [QUEUE] Found new protein to process: Q06449
  [QUEUE] Found new protein to process: Q06479
  [QUEUE] Found new protein to process: Q06485
  [QUEUE] Found new protein to process: Q06488
  [QUEUE] Found new protein to process: Q06489
  [QUEUE] Found new protein to process: Q06504
  [QUEUE] Found new protein to process: Q06505
  [QUEUE] Found new protein to process: Q06506
  [QUEUE] Found new protein to process: Q06510
  [QUEUE] Found new protein to process: Q06511
  [QUEUE] Found new protein to process: Q06512
  [QUEUE] Found new protein to process: Q06525
  [QUEUE] Found new protein to process: Q06537
  [QUEUE] Found new protein to process: Q06541
  [QUEUE] Found new protein to process: Q06543
  [QUEUE] Found new protein to process: Q06551
  [QUEUE] Found new protein to process: Q06580
  [QUEUE] Found new protein to process: Q06592
  [QUEUE] Found new protein to process: Q06623
  [QUEUE] Found new protein to process: Q06624
  [QUEUE] Found new protein to process: Q06625
  [QUEUE] Found new protein to process: Q06628
  [QUEUE] Found new protein to process: Q06629
  [QUEUE] Found new protein to process: Q06630
  [QUEUE] Found new protein to process: Q06631
  [QUEUE] Found new protein to process: Q06632
  [QUEUE] Found new protein to process: Q06636
  [QUEUE] Found new protein to process: Q06639
  [QUEUE] Found new protein to process: Q06668
  [QUEUE] Found new protein to process: Q06673
  [QUEUE] Found new protein to process: Q06675
  [QUEUE] Found new protein to process: Q06678
  [QUEUE] Found new protein to process: Q06679
  [QUEUE] Found new protein to process: Q06680
  [QUEUE] Found new protein to process: Q06682
  [QUEUE] Found new protein to process: Q06685
  [QUEUE] Found new protein to process: Q06686
  [QUEUE] Found new protein to process: Q06689
  [QUEUE] Found new protein to process: Q06696
  [QUEUE] Found new protein to process: Q06697
  [QUEUE] Found new protein to process: Q06706
  [QUEUE] Found new protein to process: Q06707
  [QUEUE] Found new protein to process: Q06708
  [QUEUE] Found new protein to process: Q06810
  [QUEUE] Found new protein to process: Q06815
  [QUEUE] Found new protein to process: Q06819
  [QUEUE] Found new protein to process: Q06820
  [QUEUE] Found new protein to process: Q06833
  [QUEUE] Found new protein to process: Q06835
  [QUEUE] Found new protein to process: Q07084
  [QUEUE] Found new protein to process: Q07350
  [QUEUE] Found new protein to process: Q07362
  [QUEUE] Found new protein to process: Q07376
  [QUEUE] Found new protein to process: Q07381
  [QUEUE] Found new protein to process: Q07418
  [QUEUE] Found new protein to process: Q07451
  [QUEUE] Found new protein to process: Q07457
  [QUEUE] Found new protein to process: Q07458
  [QUEUE] Found new protein to process: Q07468
  [QUEUE] Found new protein to process: Q07478
  [QUEUE] Found new protein to process: Q07508
  [QUEUE] Found new protein to process: Q07528
  [QUEUE] Found new protein to process: Q07532
  [QUEUE] Found new protein to process: Q07533
  [QUEUE] Found new protein to process: Q07540
  [QUEUE] Found new protein to process: Q07623
  [QUEUE] Found new protein to process: Q07653
  [QUEUE] Found new protein to process: Q07657
  [QUEUE] Found new protein to process: Q07738
  [QUEUE] Found new protein to process: Q07794
  [QUEUE] Found new protein to process: Q07800
  [QUEUE] Found new protein to process: Q07821
  [QUEUE] Found new protein to process: Q07825
  [QUEUE] Found new protein to process: Q07830
  [QUEUE] Found new protein to process: Q07834
  [QUEUE] Found new protein to process: Q07843
  [QUEUE] Found new protein to process: Q07844
  [QUEUE] Found new protein to process: Q07845
  [QUEUE] Found new protein to process: Q07878
  [QUEUE] Found new protein to process: Q07887
  [QUEUE] Found new protein to process: Q07895
  [QUEUE] Found new protein to process: Q07896
  [QUEUE] Found new protein to process: Q07897
  [QUEUE] Found new protein to process: Q07913
  [QUEUE] Found new protein to process: Q07914
  [QUEUE] Found new protein to process: Q07915
  [QUEUE] Found new protein to process: Q07921
  [QUEUE] Found new protein to process: Q07923
  [QUEUE] Found new protein to process: Q07930
  [QUEUE] Found new protein to process: Q07949
  [QUEUE] Found new protein to process: Q07951
  [QUEUE] Found new protein to process: Q07963
  [QUEUE] Found new protein to process: Q07979
  [QUEUE] Found new protein to process: Q07980
  [QUEUE] Found new protein to process: Q08004
  [QUEUE] Found new protein to process: Q08032
  [QUEUE] Found new protein to process: Q08045
  [QUEUE] Found new protein to process: Q08096
  [QUEUE] Found new protein to process: Q08109
  [QUEUE] Found new protein to process: Q08144
  [QUEUE] Found new protein to process: Q08162
  [QUEUE] Found new protein to process: Q08176
  [QUEUE] Found new protein to process: Q08204
  [QUEUE] Found new protein to process: Q08208
  [QUEUE] Found new protein to process: Q08215
  [QUEUE] Found new protein to process: Q08226
  [QUEUE] Found new protein to process: Q08229
  [QUEUE] Found new protein to process: Q08231
  [QUEUE] Found new protein to process: Q08232
  [QUEUE] Found new protein to process: Q08235
  [QUEUE] Found new protein to process: Q08236
  [QUEUE] Found new protein to process: Q08245
  [QUEUE] Found new protein to process: Q08269
  [QUEUE] Found new protein to process: Q08273
  [QUEUE] Found new protein to process: Q08278
  [QUEUE] Found new protein to process: Q08281
  [QUEUE] Found new protein to process: Q08285
  [QUEUE] Found new protein to process: Q08287
  [QUEUE] Found new protein to process: Q08299
  [QUEUE] Found new protein to process: Q08387
  [QUEUE] Found new protein to process: Q08421
  [QUEUE] Found new protein to process: Q08438
  [QUEUE] Found new protein to process: Q08465
  [QUEUE] Found new protein to process: Q08491
  [QUEUE] Found new protein to process: Q08492
  [QUEUE] Found new protein to process: Q08496
  [QUEUE] Found new protein to process: Q08553
  [QUEUE] Found new protein to process: Q08561
  [QUEUE] Found new protein to process: Q08622
  [QUEUE] Found new protein to process: Q08649
  [QUEUE] Found new protein to process: Q08650
  [QUEUE] Found new protein to process: Q08683
  [QUEUE] Found new protein to process: Q08685
  [QUEUE] Found new protein to process: Q08687
  [QUEUE] Found new protein to process: Q08689
  [QUEUE] Found new protein to process: Q08723
  [QUEUE] Found new protein to process: Q08732
  [QUEUE] Found new protein to process: Q08745
  [QUEUE] Found new protein to process: Q08746
  [QUEUE] Found new protein to process: Q08747
  [QUEUE] Found new protein to process: Q08749
  [QUEUE] Found new protein to process: Q08754
  [QUEUE] Found new protein to process: Q08773
  [QUEUE] Found new protein to process: Q08816
  [QUEUE] Found new protein to process: Q08817
  [QUEUE] Found new protein to process: Q08902
  [QUEUE] Found new protein to process: Q08920
  [QUEUE] Found new protein to process: Q08921
  [QUEUE] Found new protein to process: Q08923
  [QUEUE] Found new protein to process: Q08924
  [QUEUE] Found new protein to process: Q08949
  [QUEUE] Found new protein to process: Q08951
  [QUEUE] Found new protein to process: Q08959
  [QUEUE] Found new protein to process: Q08961
  [QUEUE] Found new protein to process: Q08962
  [QUEUE] Found new protein to process: Q08963
  [QUEUE] Found new protein to process: Q08965
  [QUEUE] Found new protein to process: Q08966
  [QUEUE] Found new protein to process: Q08972
  [QUEUE] Found new protein to process: Q08977
  [QUEUE] Found new protein to process: Q12000
  [QUEUE] Found new protein to process: Q12004
  [QUEUE] Found new protein to process: Q12009
  [QUEUE] Found new protein to process: Q12015
  [QUEUE] Found new protein to process: Q12016
  [QUEUE] Found new protein to process: Q12017
  [QUEUE] Found new protein to process: Q12018
  [QUEUE] Found new protein to process: Q12019
  [QUEUE] Found new protein to process: Q12024
  [QUEUE] Found new protein to process: Q12027
  [QUEUE] Found new protein to process: Q12028
  [QUEUE] Found new protein to process: Q12030
  [QUEUE] Found new protein to process: Q12035
  [QUEUE] Found new protein to process: Q12040
  [QUEUE] Found new protein to process: Q12041
  [QUEUE] Found new protein to process: Q12044
  [QUEUE] Found new protein to process: Q12046
  [QUEUE] Found new protein to process: Q12049
  [QUEUE] Found new protein to process: Q12050
  [QUEUE] Found new protein to process: Q12059
  [QUEUE] Found new protein to process: Q12060
  [QUEUE] Found new protein to process: Q12063
  [QUEUE] Found new protein to process: Q12066
  [QUEUE] Found new protein to process: Q12071
  [QUEUE] Found new protein to process: Q12072
  [QUEUE] Found new protein to process: Q12074
  [QUEUE] Found new protein to process: Q12080
  [QUEUE] Found new protein to process: Q12083
  [QUEUE] Found new protein to process: Q12092
  [QUEUE] Found new protein to process: Q12096
  [QUEUE] Found new protein to process: Q12098
  [QUEUE] Found new protein to process: Q12099
  [QUEUE] Found new protein to process: Q12100
  [QUEUE] Found new protein to process: Q12102
  [QUEUE] Found new protein to process: Q12107
  [QUEUE] Found new protein to process: Q12114
  [QUEUE] Found new protein to process: Q12117
  [QUEUE] Found new protein to process: Q12118
  [QUEUE] Found new protein to process: Q12122
  [QUEUE] Found new protein to process: Q12123
  [QUEUE] Found new protein to process: Q12124
  [QUEUE] Found new protein to process: Q12125
  [QUEUE] Found new protein to process: Q12133
  [QUEUE] Found new protein to process: Q12136
  [QUEUE] Found new protein to process: Q12143
  [QUEUE] Found new protein to process: Q12146
  [QUEUE] Found new protein to process: Q12149
  [QUEUE] Found new protein to process: Q12153
  [QUEUE] Found new protein to process: Q12154
  [QUEUE] Found new protein to process: Q12157
  [QUEUE] Found new protein to process: Q12158
  [QUEUE] Found new protein to process: Q12159
  [QUEUE] Found new protein to process: Q12160
  [QUEUE] Found new protein to process: Q12161
  [QUEUE] Found new protein to process: Q12163
  [QUEUE] Found new protein to process: Q12165
  [QUEUE] Found new protein to process: Q12166
  [QUEUE] Found new protein to process: Q12167
  [QUEUE] Found new protein to process: Q12175
  [QUEUE] Found new protein to process: Q12176
  [QUEUE] Found new protein to process: Q12181
  [QUEUE] Found new protein to process: Q12184
  [QUEUE] Found new protein to process: Q12186
  [QUEUE] Found new protein to process: Q12188
  [QUEUE] Found new protein to process: Q12191
  [QUEUE] Found new protein to process: Q12192
  [QUEUE] Found new protein to process: Q12194
  [QUEUE] Found new protein to process: Q12196
  [QUEUE] Found new protein to process: Q12206
  [QUEUE] Found new protein to process: Q12213
  [QUEUE] Found new protein to process: Q12220
  [QUEUE] Found new protein to process: Q12229
  [QUEUE] Found new protein to process: Q12230
  [QUEUE] Found new protein to process: Q12232
  [QUEUE] Found new protein to process: Q12233
  [QUEUE] Found new protein to process: Q12241
  [QUEUE] Found new protein to process: Q12242
  [QUEUE] Found new protein to process: Q12245
  [QUEUE] Found new protein to process: Q12248
  [QUEUE] Found new protein to process: Q12250
  [QUEUE] Found new protein to process: Q12255
  [QUEUE] Found new protein to process: Q12262
  [QUEUE] Found new protein to process: Q12263
  [QUEUE] Found new protein to process: Q12265
  [QUEUE] Found new protein to process: Q12267
  [QUEUE] Found new protein to process: Q12273
  [QUEUE] Found new protein to process: Q12276
  [QUEUE] Found new protein to process: Q12277
  [QUEUE] Found new protein to process: Q12280
  [QUEUE] Found new protein to process: Q12285
  [QUEUE] Found new protein to process: Q12296
  [QUEUE] Found new protein to process: Q12297
  [QUEUE] Found new protein to process: Q12308
  [QUEUE] Found new protein to process: Q12309
  [QUEUE] Found new protein to process: Q12311
  [QUEUE] Found new protein to process: Q12315
  [QUEUE] Found new protein to process: Q12317
  [QUEUE] Found new protein to process: Q12318
  [QUEUE] Found new protein to process: Q12321
  [QUEUE] Found new protein to process: Q12328
  [QUEUE] Found new protein to process: Q12329
  [QUEUE] Found new protein to process: Q12330
  [QUEUE] Found new protein to process: Q12335
  [QUEUE] Found new protein to process: Q12338
  [QUEUE] Found new protein to process: Q12339
  [QUEUE] Found new protein to process: Q12341
  [QUEUE] Found new protein to process: Q12343
  [QUEUE] Found new protein to process: Q12344
  [QUEUE] Found new protein to process: Q12345
  [QUEUE] Found new protein to process: Q12347
  [QUEUE] Found new protein to process: Q12348
  [QUEUE] Found new protein to process: Q12349
  [QUEUE] Found new protein to process: Q12363
  [QUEUE] Found new protein to process: Q12365
  [QUEUE] Found new protein to process: Q12368
  [QUEUE] Found new protein to process: Q12373
  [QUEUE] Found new protein to process: Q12377
  [QUEUE] Found new protein to process: Q12379
  [QUEUE] Found new protein to process: Q12380
  [QUEUE] Found new protein to process: Q12386
  [QUEUE] Found new protein to process: Q12387
  [QUEUE] Found new protein to process: Q12389
  [QUEUE] Found new protein to process: Q12396
  [QUEUE] Found new protein to process: Q12403
  [QUEUE] Found new protein to process: Q12406
  [QUEUE] Found new protein to process: Q12415
  [QUEUE] Found new protein to process: Q12417
  [QUEUE] Found new protein to process: Q12420
  [QUEUE] Found new protein to process: Q12421
  [QUEUE] Found new protein to process: Q12425
  [QUEUE] Found new protein to process: Q12431
  [QUEUE] Found new protein to process: Q12432
  [QUEUE] Found new protein to process: Q12433
  [QUEUE] Found new protein to process: Q12438
  [QUEUE] Found new protein to process: Q12440
  [QUEUE] Found new protein to process: Q12445
  [QUEUE] Found new protein to process: Q12446
  [QUEUE] Found new protein to process: Q12447
  [QUEUE] Found new protein to process: Q12449
  [QUEUE] Found new protein to process: Q12451
  [QUEUE] Found new protein to process: Q12452
  [QUEUE] Found new protein to process: Q12454
  [QUEUE] Found new protein to process: Q12455
  [QUEUE] Found new protein to process: Q12460
  [QUEUE] Found new protein to process: Q12461
  [QUEUE] Found new protein to process: Q12463
  [QUEUE] Found new protein to process: Q12464
  [QUEUE] Found new protein to process: Q12465
  [QUEUE] Found new protein to process: Q12466
  [QUEUE] Found new protein to process: Q12468
  [QUEUE] Found new protein to process: Q12469
  [QUEUE] Found new protein to process: Q12471
  [QUEUE] Found new protein to process: Q12476
  [QUEUE] Found new protein to process: Q12477
  [QUEUE] Found new protein to process: Q12481
  [QUEUE] Found new protein to process: Q12482
  [QUEUE] Found new protein to process: Q12483
  [QUEUE] Found new protein to process: Q12487
  [QUEUE] Found new protein to process: Q12488
  [QUEUE] Found new protein to process: Q12490
  [QUEUE] Found new protein to process: Q12493
  [QUEUE] Found new protein to process: Q12494
  [QUEUE] Found new protein to process: Q12495
  [QUEUE] Found new protein to process: Q12499
  [QUEUE] Found new protein to process: Q12507
  [QUEUE] Found new protein to process: Q12508
  [QUEUE] Found new protein to process: Q12509
  [QUEUE] Found new protein to process: Q12510
  [QUEUE] Found new protein to process: Q12511
  [QUEUE] Found new protein to process: Q12514
  [QUEUE] Found new protein to process: Q12517
  [QUEUE] Found new protein to process: Q12522
  [QUEUE] Found new protein to process: Q12527
  [QUEUE] Found new protein to process: Q12530
  [QUEUE] Found new protein to process: Q12532
  [QUEUE] Found new protein to process: Q12672
  [QUEUE] Found new protein to process: Q12674
  [QUEUE] Found new protein to process: Q12675
  [QUEUE] Found new protein to process: Q12680
  [QUEUE] Found new protein to process: Q12690
  [QUEUE] Found new protein to process: Q12692
  [QUEUE] Found new protein to process: Q12745
  [QUEUE] Found new protein to process: Q12746
  [QUEUE] Found new protein to process: Q12748
  [QUEUE] Found new protein to process: Q12749
  [QUEUE] Found new protein to process: Q12754
  [QUEUE] Found new protein to process: Q2V2P8
  [QUEUE] Found new protein to process: Q3E731
  [QUEUE] Found new protein to process: Q3E754
  [QUEUE] Found new protein to process: Q3E757
  [QUEUE] Found new protein to process: Q3E790
  [QUEUE] Found new protein to process: Q3E792
  [QUEUE] Found new protein to process: Q3E793
  [QUEUE] Found new protein to process: Q3E798
  [QUEUE] Found new protein to process: Q3E7A8
  [QUEUE] Found new protein to process: Q3E7B2
  [QUEUE] Found new protein to process: Q3E7B6
  [QUEUE] Found new protein to process: Q3E7C1
  [QUEUE] Found new protein to process: Q3E7X9
  [QUEUE] Found new protein to process: Q3E7Y3
  [QUEUE] Found new protein to process: Q3E7Y6
  [QUEUE] Found new protein to process: Q3E828
  [QUEUE] Found new protein to process: Q3E829
  [QUEUE] Found new protein to process: Q3E830
  [QUEUE] Found new protein to process: Q3E833
  [QUEUE] Found new protein to process: Q3E834
  [QUEUE] Found new protein to process: Q3E835
  [QUEUE] Found new protein to process: Q3E840
  [QUEUE] Found new protein to process: Q6Q547
  [QUEUE] Found new protein to process: Q6Q560
  [QUEUE] Found new protein to process: Q6WNK7
  [QUEUE] Found new protein to process: Q8TGJ3
  [QUEUE] Found new protein to process: Q92316
  [QUEUE] Found new protein to process: Q92317
  [QUEUE] Found new protein to process: Q92328
  [QUEUE] Found new protein to process: Q92331
  [QUEUE] Found new protein to process: Q96VH5
  [QUEUE] Found new protein to process: Q99176
  [QUEUE] Found new protein to process: Q99181
  [QUEUE] Found new protein to process: Q99186
  [QUEUE] Found new protein to process: Q99190
  [QUEUE] Found new protein to process: Q99207
  [QUEUE] Found new protein to process: Q99216
  [QUEUE] Found new protein to process: Q99220
  [QUEUE] Found new protein to process: Q99247
  [QUEUE] Found new protein to process: Q99257
  [QUEUE] Found new protein to process: Q99260
  [QUEUE] Found new protein to process: Q99278
  [QUEUE] Found new protein to process: Q99287
  [QUEUE] Found new protein to process: Q99288
  [QUEUE] Found new protein to process: Q99296
  [QUEUE] Found new protein to process: Q99314
  [QUEUE] Found new protein to process: Q99344
  [QUEUE] Found new protein to process: Q99380
  [QUEUE] Found new protein to process: Q99383
  [QUEUE] Found new protein to process: Q99394
  [QUEUE] Found new protein to process: Q9URQ3
  [QUEUE] Found new protein to process: Q9URQ5
  [QUEUE] Found new protein to process: Q9ZZW7
Found 2955 new proteins to process. Submitting a job array with 2955 tasks.
Array job 6471124 submitted.
