complex_ac,n_proteins,stoichiometry,stoichiometry_source,n_chains,pae_pdb,pae_cf_confidence,trimmed_pool_dir_exists,trimmed_pdb,trimmed_cf_confidence,usalign_skipped_too_many_chains,usalign_dir,tm_score_norm_by_pae,tm_score_norm_by_trimmed,rmsd,n_residues_pae,n_residues_trimmed,n_residues_aligned,cf_confidence_change
CPX-2262,33,O13563x1_O94742x1_P21242x1_P21243x1_P22141x1_P23638x1_P23639x1_P23724x1_P25043x1_P25451x1_P30656x1_P30657x1_P32379x1_P32496x1_P32565x1_P33297x1_P33298x1_P33299x1_P38624x1_P38764x1_P38886x1_P40016x1_P40302x1_P40303x1_P40327x1_P43588x1_P53549x1_Q01939x1_Q04062x1_Q06103x1_Q08723x1_Q12250x1_Q12377x1,true,33,/cluster/project/beltrao/kdammer/master_thesis/data/Pipeline/18_CP_model_based_on_pae/CombFold/O13563x1_O94742x1_P21242x1_P21243x1_P22141x1_P23638x1_P23639x1_P23724x1_P25043x1_P25451x1_P30656x1_P30657x1_P32379x1_P32496x1_P32565x1_P33297x1_P33298x1_P33299x1_P38624x1_P38764x1__3627172110db_pool_output/assembled_results/output_clustered_1.pdb,88.7645,true,/cluster/project/beltrao/kdammer/master_thesis/data/Pipeline/19_CP_pae_plddt_trimmed/CombFold/O13563x1_O94742x1_P21242x1_P21243x1_P22141x1_P23638x1_P23639x1_P23724x1_P25043x1_P25451x1_P30656x1_P30657x1_P32379x1_P32496x1_P32565x1_P33297x1_P33298x1_P33299x1_P38624x1_P38764x1__3627172110db_pool_output/assembled_results/output_clustered_2.pdb,88.6962,false,/cluster/project/beltrao/kdammer/master_thesis/data/Pipeline/19_CP_pae_plddt_trimmed/CombFold/O13563x1_O94742x1_P21242x1_P21243x1_P22141x1_P23638x1_P23639x1_P23724x1_P25043x1_P25451x1_P30656x1_P30657x1_P32379x1_P32496x1_P32565x1_P33297x1_P33298x1_P33299x1_P38624x1_P38764x1__3627172110db_pool_output/us_align_plddt_trimmed/output_clustered_2,0.2439,0.2483,18.52,11670,11413,4076,-0.06829999999999359
CPX-32,20,P20053x1_P38203x1_P39990x1_P40018x2_P40070x1_P40089x1_P40204x1_P43321x1_P47093x1_P49704x1_P53905x1_P54999x1_P57743x1_Q02260x1_Q03338x1_Q06217x1_Q06406x1_Q12330x1,pred_2,19,/cluster/project/beltrao/kdammer/master_thesis/data/Pipeline/18_CP_model_based_on_pae/CombFold/P20053x1_P38203x1_P39990x1_P40018x2_P40070x1_P40089x1_P40204x1_P43321x1_P47093x1_P49704x1_P53905x1_P54999x1_P57743x1_Q02260x1_Q03338x1_Q06217x1_Q06406x1_Q12330x1_pool_output/assembled_results/output_clustered_1.pdb,81.6797,true,/cluster/project/beltrao/kdammer/master_thesis/data/Pipeline/19_CP_pae_plddt_trimmed/CombFold/P20053x1_P38203x1_P39990x1_P40018x2_P40070x1_P40089x1_P40204x1_P43321x1_P47093x1_P49704x1_P53905x1_P54999x1_P57743x1_Q02260x1_Q03338x1_Q06217x1_Q06406x1_Q12330x1_pool_output/assembled_results/output_clustered_0.pdb,82.6506,false,/cluster/project/beltrao/kdammer/master_thesis/data/Pipeline/19_CP_pae_plddt_trimmed/CombFold/P20053x1_P38203x1_P39990x1_P40018x2_P40070x1_P40089x1_P40204x1_P43321x1_P47093x1_P49704x1_P53905x1_P54999x1_P57743x1_Q02260x1_Q03338x1_Q06217x1_Q06406x1_Q12330x1_pool_output/us_align_plddt_trimmed/output_clustered_0,0.2733,0.2944,5.46,3334,3088,972,0.9709000000000003
CPX-756,13,P09798x1_P14724x1_P16522x2_P38042x1_P40577x1_P53068x1_P53886x1_Q04601x1_Q08683x2_Q12107x1_Q12157x1_Q12379x1_Q12440x1,pred_2,15,/cluster/project/beltrao/kdammer/master_thesis/data/Pipeline/18_CP_model_based_on_pae/CombFold/P09798x1_P14724x1_P16522x2_P38042x1_P40577x1_P53068x1_P53886x1_Q04601x1_Q08683x2_Q12107x1_Q12157x1_Q12379x1_Q12440x1_pool_output/assembled_results/output_clustered_3.pdb,73.764,true,/cluster/project/beltrao/kdammer/master_thesis/data/Pipeline/19_CP_pae_plddt_trimmed/CombFold/P09798x1_P14724x1_P16522x2_P38042x1_P40577x1_P53068x1_P53886x1_Q04601x1_Q08683x2_Q12107x1_Q12157x1_Q12379x1_Q12440x1_pool_output/assembled_results/output_clustered_2.pdb,75.663,false,/cluster/project/beltrao/kdammer/master_thesis/data/Pipeline/19_CP_pae_plddt_trimmed/CombFold/P09798x1_P14724x1_P16522x2_P38042x1_P40577x1_P53068x1_P53886x1_Q04601x1_Q08683x2_Q12107x1_Q12157x1_Q12379x1_Q12440x1_pool_output/us_align_plddt_trimmed/output_clustered_2,0.3049,0.3115,11.73,8815,8615,3142,1.899000000000001
CPX-1419,4,P06787x1_P32380x4_P33419x3_P36094x3,pred_2,11,/cluster/project/beltrao/kdammer/master_thesis/data/Pipeline/18_CP_model_based_on_pae/CombFold/P06787x1_P32380x4_P33419x3_P36094x3_pool_output/assembled_results/output_clustered_3.pdb,60.3592,true,/cluster/project/beltrao/kdammer/master_thesis/data/Pipeline/19_CP_pae_plddt_trimmed/CombFold/P06787x1_P32380x4_P33419x3_P36094x3_pool_output/assembled_results/output_clustered_3.pdb,64.8314,false,/cluster/project/beltrao/kdammer/master_thesis/data/Pipeline/19_CP_pae_plddt_trimmed/CombFold/P06787x1_P32380x4_P33419x3_P36094x3_pool_output/us_align_plddt_trimmed/output_clustered_3,0.274,0.315,10.48,5771,4950,1884,4.472200000000001
CPX-963,4,P26309x1_P26449x1_P40958x1_P47074x2,pred_3,5,/cluster/project/beltrao/kdammer/master_thesis/data/Pipeline/18_CP_model_based_on_pae/CombFold/P26309x1_P26449x1_P40958x1_P47074x2_pool_output/assembled_results/output_clustered_0.pdb,74.8823,true,/cluster/project/beltrao/kdammer/master_thesis/data/Pipeline/19_CP_pae_plddt_trimmed/CombFold/P26309x1_P26449x1_P40958x1_P47074x2_pool_output/assembled_results/output_clustered_0.pdb,77.1764,false,/cluster/project/beltrao/kdammer/master_thesis/data/Pipeline/19_CP_pae_plddt_trimmed/CombFold/P26309x1_P26449x1_P40958x1_P47074x2_pool_output/us_align_plddt_trimmed/output_clustered_0,0.2604,0.3288,7.45,2177,1684,678,2.2941000000000003
CPX-25,33,P19735x1_P20053x1_P23394x1_P32639x1_P33334x1_P36048x1_P38203x1_P38282x1_P39990x1_P40018x1_P40070x1_P40089x1_P40204x1_P43321x1_P43589x1_P47093x1_P49704x1_P53905x1_P54999x1_P57743x1_Q00723x1_Q02260x1_Q03338x1_Q06217x1_Q06406x1_Q06819x1_Q12330x1_Q12368x1_Q12420x1,pred_1,29,/cluster/project/beltrao/kdammer/master_thesis/data/Pipeline/18_CP_model_based_on_pae/CombFold/P19735x1_P20053x1_P23394x1_P32639x1_P33334x1_P36048x1_P38203x1_P38282x1_P39990x1_P40018x1_P40070x1_P40089x1_P40204x1_P43321x1_P43589x1_P47093x1_P49704x1_P53905x1_P54999x1_P57743x1__73a068de6244_pool_output/assembled_results/output_clustered_0.pdb,82.5538,true,/cluster/project/beltrao/kdammer/master_thesis/data/Pipeline/19_CP_pae_plddt_trimmed/CombFold/P19735x1_P20053x1_P23394x1_P32639x1_P33334x1_P36048x1_P38203x1_P38282x1_P39990x1_P40018x1_P40070x1_P40089x1_P40204x1_P43321x1_P43589x1_P47093x1_P49704x1_P53905x1_P54999x1_P57743x1__73a068de6244_pool_output/assembled_results/output_clustered_2.pdb,82.1068,false,/cluster/project/beltrao/kdammer/master_thesis/data/Pipeline/19_CP_pae_plddt_trimmed/CombFold/P19735x1_P20053x1_P23394x1_P32639x1_P33334x1_P36048x1_P38203x1_P38282x1_P39990x1_P40018x1_P40070x1_P40089x1_P40204x1_P43321x1_P43589x1_P47093x1_P49704x1_P53905x1_P54999x1_P57743x1__73a068de6244_pool_output/us_align_plddt_trimmed/output_clustered_2,0.3218,0.3339,10.26,12114,11657,4292,-0.4469999999999885
CPX-1150,12,P09547x1_P18480x1_P18888x1_P22082x1_P32591x1_P35189x1_P38956x1_P43554x1_P53330x1_P53628x1_Q05123x1_Q12406x1,pred_1,12,/cluster/project/beltrao/kdammer/master_thesis/data/Pipeline/18_CP_model_based_on_pae/CombFold/P09547x1_P18480x1_P18888x1_P22082x1_P32591x1_P35189x1_P38956x1_P43554x1_P53330x1_P53628x1_Q05123x1_Q12406x1_pool_output/assembled_results/output_clustered_4.pdb,69.3295,true,/cluster/project/beltrao/kdammer/master_thesis/data/Pipeline/19_CP_pae_plddt_trimmed/CombFold/P09547x1_P18480x1_P18888x1_P22082x1_P32591x1_P35189x1_P38956x1_P43554x1_P53330x1_P53628x1_Q05123x1_Q12406x1_pool_output/assembled_results/output_clustered_4.pdb,75.1291,false,/cluster/project/beltrao/kdammer/master_thesis/data/Pipeline/19_CP_pae_plddt_trimmed/CombFold/P09547x1_P18480x1_P18888x1_P22082x1_P32591x1_P35189x1_P38956x1_P43554x1_P53330x1_P53628x1_Q05123x1_Q12406x1_pool_output/us_align_plddt_trimmed/output_clustered_4,0.2883,0.3348,8.92,7782,6648,2480,5.799599999999998
CPX-23,18,P32605x1_P33203x1_P39682x1_P40018x1_P40204x1_P43321x1_P53207x1_P54999x1_Q00539x1_Q00916x1_Q02260x1_Q03776x1_Q03782x1_Q05900x1_Q06217x1_Q07508x1_Q12330x1,pred_1,17,/cluster/project/beltrao/kdammer/master_thesis/data/Pipeline/18_CP_model_based_on_pae/CombFold/P32605x1_P33203x1_P39682x1_P40018x1_P40204x1_P43321x1_P53207x1_P54999x1_Q00539x1_Q00916x1_Q02260x1_Q03776x1_Q03782x1_Q05900x1_Q06217x1_Q07508x1_Q12330x1_pool_output/assembled_results/output_clustered_3.pdb,80.0614,true,/cluster/project/beltrao/kdammer/master_thesis/data/Pipeline/19_CP_pae_plddt_trimmed/CombFold/P32605x1_P33203x1_P39682x1_P40018x1_P40204x1_P43321x1_P53207x1_P54999x1_Q00539x1_Q00916x1_Q02260x1_Q03776x1_Q03782x1_Q05900x1_Q06217x1_Q07508x1_Q12330x1_pool_output/assembled_results/output_clustered_2.pdb,81.0169,false,/cluster/project/beltrao/kdammer/master_thesis/data/Pipeline/19_CP_pae_plddt_trimmed/CombFold/P32605x1_P33203x1_P39682x1_P40018x1_P40204x1_P43321x1_P53207x1_P54999x1_Q00539x1_Q00916x1_Q02260x1_Q03776x1_Q03782x1_Q05900x1_Q06217x1_Q07508x1_Q12330x1_pool_output/us_align_plddt_trimmed/output_clustered_2,0.3226,0.3418,9.06,5291,4974,1951,0.9555000000000007
CPX-775,6,P15790x2_P25368x2_P38930x2_P39520x1_P43639x1_P53254x2,pred_3,10,/cluster/project/beltrao/kdammer/master_thesis/data/Pipeline/18_CP_model_based_on_pae/CombFold/P15790x2_P25368x2_P38930x2_P39520x1_P43639x1_P53254x2_pool_output/assembled_results/output_clustered_0.pdb,73.7472,true,/cluster/project/beltrao/kdammer/master_thesis/data/Pipeline/19_CP_pae_plddt_trimmed/CombFold/P15790x2_P25368x2_P38930x2_P39520x1_P43639x1_P53254x2_pool_output/assembled_results/output_clustered_4.pdb,75.7589,false,/cluster/project/beltrao/kdammer/master_thesis/data/Pipeline/19_CP_pae_plddt_trimmed/CombFold/P15790x2_P25368x2_P38930x2_P39520x1_P43639x1_P53254x2_pool_output/us_align_plddt_trimmed/output_clustered_4,0.339,0.3568,8.42,5691,5390,2156,2.0116999999999905
CPX-1039,8,P36104x1_P38123x2_P38337x1_P38827x1_P39706x1_P43132x1_Q03012x1_Q03323x2,pred_3,10,/cluster/project/beltrao/kdammer/master_thesis/data/Pipeline/18_CP_model_based_on_pae/CombFold/P36104x1_P38123x2_P38337x1_P38827x1_P39706x1_P43132x1_Q03012x1_Q03323x2_pool_output/assembled_results/output_clustered_1.pdb,76.3034,true,/cluster/project/beltrao/kdammer/master_thesis/data/Pipeline/19_CP_pae_plddt_trimmed/CombFold/P36104x1_P38123x2_P38337x1_P38827x1_P39706x1_P43132x1_Q03012x1_Q03323x2_pool_output/assembled_results/output_clustered_1.pdb,76.842,false,/cluster/project/beltrao/kdammer/master_thesis/data/Pipeline/19_CP_pae_plddt_trimmed/CombFold/P36104x1_P38123x2_P38337x1_P38827x1_P39706x1_P43132x1_Q03012x1_Q03323x2_pool_output/us_align_plddt_trimmed/output_clustered_1,0.3238,0.3574,6.54,3815,3441,1350,0.5386000000000024
CPX-3184,3,P39995x1_P53911x1_Q12432x2,pred_2,4,/cluster/project/beltrao/kdammer/master_thesis/data/Pipeline/18_CP_model_based_on_pae/CombFold/P39995x1_P53911x1_Q12432x2_pool_output/assembled_results/output_clustered_1.pdb,65.8928,true,/cluster/project/beltrao/kdammer/master_thesis/data/Pipeline/19_CP_pae_plddt_trimmed/CombFold/P39995x1_P53911x1_Q12432x2_pool_output/assembled_results/output_clustered_0.pdb,70.9398,false,/cluster/project/beltrao/kdammer/master_thesis/data/Pipeline/19_CP_pae_plddt_trimmed/CombFold/P39995x1_P53911x1_Q12432x2_pool_output/us_align_plddt_trimmed/output_clustered_0,0.3139,0.3869,4.6,1506,1212,511,5.047000000000011
CPX-771,5,P15790x2_P25368x2_P38930x2_P43639x2_P53254x2,pred_2,10,/cluster/project/beltrao/kdammer/master_thesis/data/Pipeline/18_CP_model_based_on_pae/CombFold/P15790x2_P25368x2_P38930x2_P43639x2_P53254x2_pool_output/assembled_results/output_clustered_0.pdb,75.2904,true,/cluster/project/beltrao/kdammer/master_thesis/data/Pipeline/19_CP_pae_plddt_trimmed/CombFold/P15790x2_P25368x2_P38930x2_P43639x2_P53254x2_pool_output/assembled_results/output_clustered_4.pdb,76.9685,false,/cluster/project/beltrao/kdammer/master_thesis/data/Pipeline/19_CP_pae_plddt_trimmed/CombFold/P15790x2_P25368x2_P38930x2_P43639x2_P53254x2_pool_output/us_align_plddt_trimmed/output_clustered_4,0.3699,0.3879,13.42,4884,4602,2571,1.6781000000000006
CPX-26,23,P0C074x1_P19736x1_P32524x1_P40018x2_P40204x2_P40565x1_P40567x1_P43321x2_P46947x1_P49955x1_P53830x1_P54999x2_Q02260x2_Q02554x1_Q04693x1_Q06217x2_Q06835x1_Q07350x1_Q07930x1_Q08963x1_Q12330x2_Q99181x1,pred_1,29,/cluster/project/beltrao/kdammer/master_thesis/data/Pipeline/18_CP_model_based_on_pae/CombFold/P0C074x1_P19736x1_P32524x1_P40018x2_P40204x2_P40565x1_P40567x1_P43321x2_P46947x1_P49955x1_P53830x1_P54999x2_Q02260x2_Q02554x1_Q04693x1_Q06217x2_Q06835x1_Q07350x1_Q07930x1_Q08963x1_Q12330x2_Q99181x1_pool_output/assembled_results/output_clustered_0.pdb,83.5041,true,/cluster/project/beltrao/kdammer/master_thesis/data/Pipeline/19_CP_pae_plddt_trimmed/CombFold/P0C074x1_P19736x1_P32524x1_P40018x2_P40204x2_P40565x1_P40567x1_P43321x2_P46947x1_P49955x1_P53830x1_P54999x2_Q02260x2_Q02554x1_Q04693x1_Q06217x2_Q06835x1_Q07350x1_Q07930x1_Q08963x1_Q12330x2_Q99181x1_pool_output/assembled_results/output_clustered_4.pdb,83.7053,false,/cluster/project/beltrao/kdammer/master_thesis/data/Pipeline/19_CP_pae_plddt_trimmed/CombFold/P0C074x1_P19736x1_P32524x1_P40018x2_P40204x2_P40565x1_P40567x1_P43321x2_P46947x1_P49955x1_P53830x1_P54999x2_Q02260x2_Q02554x1_Q04693x1_Q06217x2_Q06835x1_Q07350x1_Q07930x1_Q08963x1_Q12330x2_Q99181x1_pool_output/us_align_plddt_trimmed/output_clustered_4,0.3803,0.3956,7.96,7121,6834,2940,0.20120000000000005
CPX-1191,4,P06779x1_P31244x1_P53202x1_Q03071x1,pred_1,4,/cluster/project/beltrao/kdammer/master_thesis/data/Pipeline/18_CP_model_based_on_pae/CombFold/P06779x1_P31244x1_P53202x1_Q03071x1_pool_output/assembled_results/output_clustered_0.pdb,68.9644,true,/cluster/project/beltrao/kdammer/master_thesis/data/Pipeline/19_CP_pae_plddt_trimmed/CombFold/P06779x1_P31244x1_P53202x1_Q03071x1_pool_output/assembled_results/output_clustered_0.pdb,64.886,false,/cluster/project/beltrao/kdammer/master_thesis/data/Pipeline/19_CP_pae_plddt_trimmed/CombFold/P06779x1_P31244x1_P53202x1_Q03071x1_pool_output/us_align_plddt_trimmed/output_clustered_0,0.3716,0.3999,5.07,2198,2038,878,-4.078400000000002
CPX-773,5,P19454x2_P25368x2_P38930x2_P43639x2_P53254x2,pred_1,10,/cluster/project/beltrao/kdammer/master_thesis/data/Pipeline/18_CP_model_based_on_pae/CombFold/P19454x2_P25368x2_P38930x2_P43639x2_P53254x2_pool_output/assembled_results/output_clustered_0.pdb,77.0647,true,/cluster/project/beltrao/kdammer/master_thesis/data/Pipeline/19_CP_pae_plddt_trimmed/CombFold/P19454x2_P25368x2_P38930x2_P43639x2_P53254x2_pool_output/assembled_results/output_clustered_2.pdb,78.1735,false,/cluster/project/beltrao/kdammer/master_thesis/data/Pipeline/19_CP_pae_plddt_trimmed/CombFold/P19454x2_P25368x2_P38930x2_P43639x2_P53254x2_pool_output/us_align_plddt_trimmed/output_clustered_2,0.3805,0.4007,11.09,4818,4538,2344,1.1088000000000022
CPX-776,6,P19454x2_P25368x2_P38930x1_P39520x1_P43639x1_P53254x2,pred_1,9,/cluster/project/beltrao/kdammer/master_thesis/data/Pipeline/18_CP_model_based_on_pae/CombFold/P19454x2_P25368x2_P38930x1_P39520x1_P43639x1_P53254x2_pool_output/assembled_results/output_clustered_0.pdb,75.6535,true,/cluster/project/beltrao/kdammer/master_thesis/data/Pipeline/19_CP_pae_plddt_trimmed/CombFold/P19454x2_P25368x2_P38930x1_P39520x1_P43639x1_P53254x2_pool_output/assembled_results/output_clustered_4.pdb,75.952,false,/cluster/project/beltrao/kdammer/master_thesis/data/Pipeline/19_CP_pae_plddt_trimmed/CombFold/P19454x2_P25368x2_P38930x1_P39520x1_P43639x1_P53254x2_pool_output/us_align_plddt_trimmed/output_clustered_4,0.3842,0.4025,10.22,5367,5101,2466,0.2985000000000042
CPX-1642,15,P11747x1_P13393x1_P23255x1_P35189x3_P38129x2_P46677x1_P50105x2_P53040x2_Q03750x1_Q03761x2_Q04226x1_Q05021x1_Q05027x2_Q12030x2_Q12297x1,true,23,/cluster/project/beltrao/kdammer/master_thesis/data/Pipeline/18_CP_model_based_on_pae/CombFold/P11747x1_P13393x1_P23255x1_P35189x3_P38129x2_P46677x1_P50105x2_P53040x2_Q03750x1_Q03761x2_Q04226x1_Q05021x1_Q05027x2_Q12030x2_Q12297x1_pool_output/assembled_results/output_clustered_2.pdb,76.6249,true,/cluster/project/beltrao/kdammer/master_thesis/data/Pipeline/19_CP_pae_plddt_trimmed/CombFold/P11747x1_P13393x1_P23255x1_P35189x3_P38129x2_P46677x1_P50105x2_P53040x2_Q03750x1_Q03761x2_Q04226x1_Q05021x1_Q05027x2_Q12030x2_Q12297x1_pool_output/assembled_results/output_clustered_1.pdb,78.8301,false,/cluster/project/beltrao/kdammer/master_thesis/data/Pipeline/19_CP_pae_plddt_trimmed/CombFold/P11747x1_P13393x1_P23255x1_P35189x3_P38129x2_P46677x1_P50105x2_P53040x2_Q03750x1_Q03761x2_Q04226x1_Q05021x1_Q05027x2_Q12030x2_Q12297x1_pool_output/us_align_plddt_trimmed/output_clustered_1,0.3686,0.4046,8.52,10619,9644,4202,2.205200000000005
CPX-1408,4,P32908x1_P40541x1_P47037x2_Q12188x1,pred_2,5,/cluster/project/beltrao/kdammer/master_thesis/data/Pipeline/18_CP_model_based_on_pae/CombFold/P32908x1_P40541x1_P47037x2_Q12188x1_pool_output/assembled_results/output_clustered_0.pdb,72.9921,true,/cluster/project/beltrao/kdammer/master_thesis/data/Pipeline/19_CP_pae_plddt_trimmed/CombFold/P32908x1_P40541x1_P47037x2_Q12188x1_pool_output/assembled_results/output_clustered_1.pdb,76.1231,false,/cluster/project/beltrao/kdammer/master_thesis/data/Pipeline/19_CP_pae_plddt_trimmed/CombFold/P32908x1_P40541x1_P47037x2_Q12188x1_pool_output/us_align_plddt_trimmed/output_clustered_1,0.3967,0.4127,6.17,5515,5295,2320,3.1310000000000002
CPX-1885,8,P21374x1_P32523x1_P38302x1_P53277x1_Q03654x1_Q04048x1_Q06091x1_Q12309x1,pred_1,8,/cluster/project/beltrao/kdammer/master_thesis/data/Pipeline/18_CP_model_based_on_pae/CombFold/P21374x1_P32523x1_P38302x1_P53277x1_Q03654x1_Q04048x1_Q06091x1_Q12309x1_pool_output/assembled_results/output_clustered_2.pdb,75.6029,true,/cluster/project/beltrao/kdammer/master_thesis/data/Pipeline/19_CP_pae_plddt_trimmed/CombFold/P21374x1_P32523x1_P38302x1_P53277x1_Q03654x1_Q04048x1_Q06091x1_Q12309x1_pool_output/assembled_results/output_clustered_0.pdb,76.0969,false,/cluster/project/beltrao/kdammer/master_thesis/data/Pipeline/19_CP_pae_plddt_trimmed/CombFold/P21374x1_P32523x1_P38302x1_P53277x1_Q03654x1_Q04048x1_Q06091x1_Q12309x1_pool_output/us_align_plddt_trimmed/output_clustered_0,0.4109,0.4151,6.68,3404,3368,1545,0.4939999999999998
CPX-3188,6,P23201x2_P40091x2_P41697x1_P41832x1_P48566x2_Q12317x2,pred_2,10,/cluster/project/beltrao/kdammer/master_thesis/data/Pipeline/18_CP_model_based_on_pae/CombFold/P23201x2_P40091x2_P41697x1_P41832x1_P48566x2_Q12317x2_pool_output/assembled_results/output_clustered_2.pdb,65.982,true,/cluster/project/beltrao/kdammer/master_thesis/data/Pipeline/19_CP_pae_plddt_trimmed/CombFold/P23201x2_P40091x2_P41697x1_P41832x1_P48566x2_Q12317x2_pool_output/assembled_results/output_clustered_0.pdb,72.2323,false,/cluster/project/beltrao/kdammer/master_thesis/data/Pipeline/19_CP_pae_plddt_trimmed/CombFold/P23201x2_P40091x2_P41697x1_P41832x1_P48566x2_Q12317x2_pool_output/us_align_plddt_trimmed/output_clustered_0,0.3894,0.4247,6.1,8197,7497,3350,6.250299999999996
CPX-1681,4,P25651x2_P29295x1_P40065x1_Q04087x2,pred_2,6,/cluster/project/beltrao/kdammer/master_thesis/data/Pipeline/18_CP_model_based_on_pae/CombFold/P25651x2_P29295x1_P40065x1_Q04087x2_pool_output/assembled_results/output_clustered_0.pdb,71.5095,true,/cluster/project/beltrao/kdammer/master_thesis/data/Pipeline/19_CP_pae_plddt_trimmed/CombFold/P25651x2_P29295x1_P40065x1_Q04087x2_pool_output/assembled_results/output_clustered_1.pdb,74.7291,false,/cluster/project/beltrao/kdammer/master_thesis/data/Pipeline/19_CP_pae_plddt_trimmed/CombFold/P25651x2_P29295x1_P40065x1_Q04087x2_pool_output/us_align_plddt_trimmed/output_clustered_1,0.3318,0.4278,1.33,1870,1449,624,3.2196
CPX-772,6,P15790x2_P19454x2_P25368x2_P38930x2_P43639x2_P53254x2,pred_1,12,/cluster/project/beltrao/kdammer/master_thesis/data/Pipeline/18_CP_model_based_on_pae/CombFold/P15790x2_P19454x2_P25368x2_P38930x2_P43639x2_P53254x2_pool_output/assembled_results/output_clustered_2.pdb,79.8386,true,/cluster/project/beltrao/kdammer/master_thesis/data/Pipeline/19_CP_pae_plddt_trimmed/CombFold/P15790x2_P19454x2_P25368x2_P38930x2_P43639x2_P53254x2_pool_output/assembled_results/output_clustered_3.pdb,81.6683,false,/cluster/project/beltrao/kdammer/master_thesis/data/Pipeline/19_CP_pae_plddt_trimmed/CombFold/P15790x2_P19454x2_P25368x2_P38930x2_P43639x2_P53254x2_pool_output/us_align_plddt_trimmed/output_clustered_3,0.4144,0.4346,9.33,5562,5280,2685,1.8297000000000025
CPX-1849,3,P38316x2_Q03818x2_Q12380x2,pred_1,6,/cluster/project/beltrao/kdammer/master_thesis/data/Pipeline/18_CP_model_based_on_pae/CombFold/P38316x2_Q03818x2_Q12380x2_pool_output/assembled_results/output_clustered_0.pdb,76.1027,true,/cluster/project/beltrao/kdammer/master_thesis/data/Pipeline/19_CP_pae_plddt_trimmed/CombFold/P38316x2_Q03818x2_Q12380x2_pool_output/assembled_results/output_clustered_0.pdb,75.138,false,/cluster/project/beltrao/kdammer/master_thesis/data/Pipeline/19_CP_pae_plddt_trimmed/CombFold/P38316x2_Q03818x2_Q12380x2_pool_output/us_align_plddt_trimmed/output_clustered_0,0.4,0.4382,4.48,1260,1146,547,-0.9646999999999935
CPX-1669,3,P06700x1_P47035x2_Q00684x2,pred_3,5,/cluster/project/beltrao/kdammer/master_thesis/data/Pipeline/18_CP_model_based_on_pae/CombFold/P06700x1_P47035x2_Q00684x2_pool_output/assembled_results/output_clustered_0.pdb,63.6789,true,/cluster/project/beltrao/kdammer/master_thesis/data/Pipeline/19_CP_pae_plddt_trimmed/CombFold/P06700x1_P47035x2_Q00684x2_pool_output/assembled_results/output_clustered_2.pdb,73.3069,false,/cluster/project/beltrao/kdammer/master_thesis/data/Pipeline/19_CP_pae_plddt_trimmed/CombFold/P06700x1_P47035x2_Q00684x2_pool_output/us_align_plddt_trimmed/output_clustered_2,0.3939,0.44,7.07,4042,3598,1755,9.628
CPX-1197,7,P32838x1_P43592x1_P46671x1_P53917x1_Q03944x2_Q05040x1_Q06001x2,pred_3,9,/cluster/project/beltrao/kdammer/master_thesis/data/Pipeline/18_CP_model_based_on_pae/CombFold/P32838x1_P43592x1_P46671x1_P53917x1_Q03944x2_Q05040x1_Q06001x2_pool_output/assembled_results/output_clustered_0.pdb,79.8148,true,/cluster/project/beltrao/kdammer/master_thesis/data/Pipeline/19_CP_pae_plddt_trimmed/CombFold/P32838x1_P43592x1_P46671x1_P53917x1_Q03944x2_Q05040x1_Q06001x2_pool_output/assembled_results/output_clustered_4.pdb,76.8599,false,/cluster/project/beltrao/kdammer/master_thesis/data/Pipeline/19_CP_pae_plddt_trimmed/CombFold/P32838x1_P43592x1_P46671x1_P53917x1_Q03944x2_Q05040x1_Q06001x2_pool_output/us_align_plddt_trimmed/output_clustered_4,0.3942,0.4495,2.1,4433,3884,1765,-2.954900000000009
CPX-1678,4,P40507x1_P40985x1_P47047x1_P53632x1,pred_1,4,/cluster/project/beltrao/kdammer/master_thesis/data/Pipeline/18_CP_model_based_on_pae/CombFold/P40507x1_P40985x1_P47047x1_P53632x1_pool_output/assembled_results/output_clustered_0.pdb,68.8821,true,/cluster/project/beltrao/kdammer/master_thesis/data/Pipeline/19_CP_pae_plddt_trimmed/CombFold/P40507x1_P40985x1_P47047x1_P53632x1_pool_output/assembled_results/output_clustered_2.pdb,73.0079,false,/cluster/project/beltrao/kdammer/master_thesis/data/Pipeline/19_CP_pae_plddt_trimmed/CombFold/P40507x1_P40985x1_P47047x1_P53632x1_pool_output/us_align_plddt_trimmed/output_clustered_2,0.3896,0.4561,2.99,2909,2481,1158,4.125800000000012
CPX-1342,7,P14832x1_P25357x1_P36124x1_P38262x1_P40480x1_P53096x1_P53685x1,pred_1,7,/cluster/project/beltrao/kdammer/master_thesis/data/Pipeline/18_CP_model_based_on_pae/CombFold/P14832x1_P25357x1_P36124x1_P38262x1_P40480x1_P53096x1_P53685x1_pool_output/assembled_results/output_clustered_0.pdb,73.9944,true,/cluster/project/beltrao/kdammer/master_thesis/data/Pipeline/19_CP_pae_plddt_trimmed/CombFold/P14832x1_P25357x1_P36124x1_P38262x1_P40480x1_P53096x1_P53685x1_pool_output/assembled_results/output_clustered_1.pdb,76.4847,false,/cluster/project/beltrao/kdammer/master_thesis/data/Pipeline/19_CP_pae_plddt_trimmed/CombFold/P14832x1_P25357x1_P36124x1_P38262x1_P40480x1_P53096x1_P53685x1_pool_output/us_align_plddt_trimmed/output_clustered_1,0.3903,0.4737,4.91,4712,3868,1916,2.490300000000005
CPX-1192,16,P0C5R9x1_P16140x3_P17255x3_P22203x3_P23968x1_P25515x8_P31412x1_P32366x1_P32610x1_P32842x1_P37296x1_P39111x1_P41807x1_P48836x3_P53262x1_Q3E7B6x1,pred_3,31,/cluster/project/beltrao/kdammer/master_thesis/data/Pipeline/18_CP_model_based_on_pae/CombFold/P0C5R9x1_P16140x3_P17255x3_P22203x3_P23968x1_P25515x8_P31412x1_P32366x1_P32610x1_P32842x1_P37296x1_P39111x1_P41807x1_P48836x3_P53262x1_Q3E7B6x1_pool_output/assembled_results/output_clustered_4.pdb,87.3454,true,/cluster/project/beltrao/kdammer/master_thesis/data/Pipeline/19_CP_pae_plddt_trimmed/CombFold/P0C5R9x1_P16140x3_P17255x3_P22203x3_P23968x1_P25515x8_P31412x1_P32366x1_P32610x1_P32842x1_P37296x1_P39111x1_P41807x1_P48836x3_P53262x1_Q3E7B6x1_pool_output/assembled_results/output_clustered_1.pdb,86.1881,false,/cluster/project/beltrao/kdammer/master_thesis/data/Pipeline/19_CP_pae_plddt_trimmed/CombFold/P0C5R9x1_P16140x3_P17255x3_P22203x3_P23968x1_P25515x8_P31412x1_P32366x1_P32610x1_P32842x1_P37296x1_P39111x1_P41807x1_P48836x3_P53262x1_Q3E7B6x1_pool_output/us_align_plddt_trimmed/output_clustered_1,0.4678,0.4758,8.95,10364,10184,5258,-1.1572999999999922
CPX-1896,5,P25298x1_P25299x1_P39081x1_Q08685x1_Q99383x1,pred_2,5,/cluster/project/beltrao/kdammer/master_thesis/data/Pipeline/18_CP_model_based_on_pae/CombFold/P25298x1_P25299x1_P39081x1_Q08685x1_Q99383x1_pool_output/assembled_results/output_clustered_2.pdb,74.6354,true,/cluster/project/beltrao/kdammer/master_thesis/data/Pipeline/19_CP_pae_plddt_trimmed/CombFold/P25298x1_P25299x1_P39081x1_Q08685x1_Q99383x1_pool_output/assembled_results/output_clustered_0.pdb,77.3885,false,/cluster/project/beltrao/kdammer/master_thesis/data/Pipeline/19_CP_pae_plddt_trimmed/CombFold/P25298x1_P25299x1_P39081x1_Q08685x1_Q99383x1_pool_output/us_align_plddt_trimmed/output_clustered_0,0.4587,0.4921,4.33,2578,2399,1240,2.7530999999999892
CPX-1155,6,O13525x2_P27680x2_P41735x2_P49017x2_P53318x2_Q05779x2,pred_3,12,/cluster/project/beltrao/kdammer/master_thesis/data/Pipeline/18_CP_model_based_on_pae/CombFold/O13525x2_P27680x2_P41735x2_P49017x2_P53318x2_Q05779x2_pool_output/assembled_results/output_clustered_2.pdb,80.788,true,/cluster/project/beltrao/kdammer/master_thesis/data/Pipeline/19_CP_pae_plddt_trimmed/CombFold/O13525x2_P27680x2_P41735x2_P49017x2_P53318x2_Q05779x2_pool_output/assembled_results/output_clustered_0.pdb,82.5389,false,/cluster/project/beltrao/kdammer/master_thesis/data/Pipeline/19_CP_pae_plddt_trimmed/CombFold/O13525x2_P27680x2_P41735x2_P49017x2_P53318x2_Q05779x2_pool_output/us_align_plddt_trimmed/output_clustered_0,0.46,0.5039,6.39,3852,3504,1922,1.7509000000000015
CPX-1623,3,P47142x2_Q06696x1_Q12483x1,pred_2,4,/cluster/project/beltrao/kdammer/master_thesis/data/Pipeline/18_CP_model_based_on_pae/CombFold/P47142x2_Q06696x1_Q12483x1_pool_output/assembled_results/output_clustered_0.pdb,72.4385,true,/cluster/project/beltrao/kdammer/master_thesis/data/Pipeline/19_CP_pae_plddt_trimmed/CombFold/P47142x2_Q06696x1_Q12483x1_pool_output/assembled_results/output_clustered_1.pdb,72.6797,false,/cluster/project/beltrao/kdammer/master_thesis/data/Pipeline/19_CP_pae_plddt_trimmed/CombFold/P47142x2_Q06696x1_Q12483x1_pool_output/us_align_plddt_trimmed/output_clustered_1,0.5023,0.506,3.86,1203,1194,641,0.2411999999999921
CPX-1166,4,P47050x2_Q06211x1_Q06340x1_Q08273x1,pred_3,5,/cluster/project/beltrao/kdammer/master_thesis/data/Pipeline/18_CP_model_based_on_pae/CombFold/P47050x2_Q06211x1_Q06340x1_Q08273x1_pool_output/assembled_results/output_clustered_0.pdb,62.9037,true,/cluster/project/beltrao/kdammer/master_thesis/data/Pipeline/19_CP_pae_plddt_trimmed/CombFold/P47050x2_Q06211x1_Q06340x1_Q08273x1_pool_output/assembled_results/output_clustered_4.pdb,64.8499,false,/cluster/project/beltrao/kdammer/master_thesis/data/Pipeline/19_CP_pae_plddt_trimmed/CombFold/P47050x2_Q06211x1_Q06340x1_Q08273x1_pool_output/us_align_plddt_trimmed/output_clustered_4,0.4699,0.5183,0.2,3668,3326,1724,1.9462000000000046
CPX-5424,4,P31109x1_P31377x1_P32854x1_Q04338x1,pred_1,4,/cluster/project/beltrao/kdammer/master_thesis/data/Pipeline/18_CP_model_based_on_pae/CombFold/P31109x1_P31377x1_P32854x1_Q04338x1_pool_output/assembled_results/output_clustered_0.pdb,73.4569,true,/cluster/project/beltrao/kdammer/master_thesis/data/Pipeline/19_CP_pae_plddt_trimmed/CombFold/P31109x1_P31377x1_P32854x1_Q04338x1_pool_output/assembled_results/output_clustered_0.pdb,73.311,false,/cluster/project/beltrao/kdammer/master_thesis/data/Pipeline/19_CP_pae_plddt_trimmed/CombFold/P31109x1_P31377x1_P32854x1_Q04338x1_pool_output/us_align_plddt_trimmed/output_clustered_0,0.4945,0.5184,5.03,877,834,499,-0.14589999999999748
CPX-161,3,P32266x2_P38297x2_Q03327x2,pred_1,6,/cluster/project/beltrao/kdammer/master_thesis/data/Pipeline/18_CP_model_based_on_pae/CombFold/P32266x2_P38297x2_Q03327x2_pool_output/assembled_results/output_clustered_0.pdb,72.134,true,/cluster/project/beltrao/kdammer/master_thesis/data/Pipeline/19_CP_pae_plddt_trimmed/CombFold/P32266x2_P38297x2_Q03327x2_pool_output/assembled_results/output_clustered_0.pdb,81.1336,false,/cluster/project/beltrao/kdammer/master_thesis/data/Pipeline/19_CP_pae_plddt_trimmed/CombFold/P32266x2_P38297x2_Q03327x2_pool_output/us_align_plddt_trimmed/output_clustered_0,0.4789,0.5186,3.47,4476,4130,2188,8.999600000000001
CPX-1364,8,P38632x1_P40026x1_P43124x2_Q03718x1_Q05541x1_Q07913x1_Q08204x1_Q12749x1,pred_3,9,/cluster/project/beltrao/kdammer/master_thesis/data/Pipeline/18_CP_model_based_on_pae/CombFold/P38632x1_P40026x1_P43124x2_Q03718x1_Q05541x1_Q07913x1_Q08204x1_Q12749x1_pool_output/assembled_results/output_clustered_4.pdb,74.6,true,/cluster/project/beltrao/kdammer/master_thesis/data/Pipeline/19_CP_pae_plddt_trimmed/CombFold/P38632x1_P40026x1_P43124x2_Q03718x1_Q05541x1_Q07913x1_Q08204x1_Q12749x1_pool_output/assembled_results/output_clustered_0.pdb,75.7482,false,/cluster/project/beltrao/kdammer/master_thesis/data/Pipeline/19_CP_pae_plddt_trimmed/CombFold/P38632x1_P40026x1_P43124x2_Q03718x1_Q05541x1_Q07913x1_Q08204x1_Q12749x1_pool_output/us_align_plddt_trimmed/output_clustered_0,0.4984,0.5251,4.96,4937,4682,2554,1.1482000000000028
CPX-1717,6,P32600x2_P40061x1_P41318x2_P47041x1_Q04749x1_Q08236x1,pred_2,8,/cluster/project/beltrao/kdammer/master_thesis/data/Pipeline/18_CP_model_based_on_pae/CombFold/P32600x2_P40061x1_P41318x2_P47041x1_Q04749x1_Q08236x1_pool_output/assembled_results/output_clustered_1.pdb,80.2905,true,/cluster/project/beltrao/kdammer/master_thesis/data/Pipeline/19_CP_pae_plddt_trimmed/CombFold/P32600x2_P40061x1_P41318x2_P47041x1_Q04749x1_Q08236x1_pool_output/assembled_results/output_clustered_3.pdb,81.2644,false,/cluster/project/beltrao/kdammer/master_thesis/data/Pipeline/19_CP_pae_plddt_trimmed/CombFold/P32600x2_P40061x1_P41318x2_P47041x1_Q04749x1_Q08236x1_pool_output/us_align_plddt_trimmed/output_clustered_3,0.4867,0.5261,6.08,9129,8432,4620,0.9739000000000004
CPX-1726,5,P38351x1_P38439x1_P53064x1_P89105x2_Q06697x2,pred_2,7,/cluster/project/beltrao/kdammer/master_thesis/data/Pipeline/18_CP_model_based_on_pae/CombFold/P38351x1_P38439x1_P53064x1_P89105x2_Q06697x2_pool_output/assembled_results/output_clustered_3.pdb,71.3055,true,/cluster/project/beltrao/kdammer/master_thesis/data/Pipeline/19_CP_pae_plddt_trimmed/CombFold/P38351x1_P38439x1_P53064x1_P89105x2_Q06697x2_pool_output/assembled_results/output_clustered_3.pdb,75.3813,false,/cluster/project/beltrao/kdammer/master_thesis/data/Pipeline/19_CP_pae_plddt_trimmed/CombFold/P38351x1_P38439x1_P53064x1_P89105x2_Q06697x2_pool_output/us_align_plddt_trimmed/output_clustered_3,0.4724,0.5263,3.3,4407,3951,2126,4.075800000000001
CPX-3207,5,P09624x2_P12695x1_P16387x1_P16451x1_P32473x2,pred_2,7,/cluster/project/beltrao/kdammer/master_thesis/data/Pipeline/18_CP_model_based_on_pae/CombFold/P09624x2_P12695x1_P16387x1_P16451x1_P32473x2_pool_output/assembled_results/output_clustered_3.pdb,82.8736,true,/cluster/project/beltrao/kdammer/master_thesis/data/Pipeline/19_CP_pae_plddt_trimmed/CombFold/P09624x2_P12695x1_P16387x1_P16451x1_P32473x2_pool_output/assembled_results/output_clustered_3.pdb,87.6764,false,/cluster/project/beltrao/kdammer/master_thesis/data/Pipeline/19_CP_pae_plddt_trimmed/CombFold/P09624x2_P12695x1_P16387x1_P16451x1_P32473x2_pool_output/us_align_plddt_trimmed/output_clustered_3,0.4947,0.5293,6.78,3042,2826,1724,4.802800000000005
CPX-1939,10,P32613x2_P32893x1_P36149x4_P38334x2_Q03337x2_Q03630x2_Q03660x2_Q03784x2_Q04183x2_Q99394x2,pred_3,21,/cluster/project/beltrao/kdammer/master_thesis/data/Pipeline/18_CP_model_based_on_pae/CombFold/P32613x2_P32893x1_P36149x4_P38334x2_Q03337x2_Q03630x2_Q03660x2_Q03784x2_Q04183x2_Q99394x2_pool_output/assembled_results/output_clustered_1.pdb,77.8399,true,/cluster/project/beltrao/kdammer/master_thesis/data/Pipeline/19_CP_pae_plddt_trimmed/CombFold/P32613x2_P32893x1_P36149x4_P38334x2_Q03337x2_Q03630x2_Q03660x2_Q03784x2_Q04183x2_Q99394x2_pool_output/assembled_results/output_clustered_1.pdb,79.3323,false,/cluster/project/beltrao/kdammer/master_thesis/data/Pipeline/19_CP_pae_plddt_trimmed/CombFold/P32613x2_P32893x1_P36149x4_P38334x2_Q03337x2_Q03630x2_Q03660x2_Q03784x2_Q04183x2_Q99394x2_pool_output/us_align_plddt_trimmed/output_clustered_1,0.5235,0.53,4.34,8626,8518,4621,1.4924000000000035
CPX-112,8,P25644x1_P38203x1_P40070x1_P40089x1_P47017x1_P53905x1_P57743x1_Q06406x1,pred_1,8,/cluster/project/beltrao/kdammer/master_thesis/data/Pipeline/18_CP_model_based_on_pae/CombFold/P25644x1_P38203x1_P40070x1_P40089x1_P47017x1_P53905x1_P57743x1_Q06406x1_pool_output/assembled_results/output_clustered_1.pdb,80.8442,true,/cluster/project/beltrao/kdammer/master_thesis/data/Pipeline/19_CP_pae_plddt_trimmed/CombFold/P25644x1_P38203x1_P40070x1_P40089x1_P47017x1_P53905x1_P57743x1_Q06406x1_pool_output/assembled_results/output_clustered_0.pdb,85.7609,false,/cluster/project/beltrao/kdammer/master_thesis/data/Pipeline/19_CP_pae_plddt_trimmed/CombFold/P25644x1_P38203x1_P40070x1_P40089x1_P47017x1_P53905x1_P57743x1_Q06406x1_pool_output/us_align_plddt_trimmed/output_clustered_0,0.4515,0.533,3.65,1633,1379,770,4.916700000000006
CPX-1140,4,P40073x2_P53901x1_Q05080x2_Q07533x1,pred_1,6,/cluster/project/beltrao/kdammer/master_thesis/data/Pipeline/18_CP_model_based_on_pae/CombFold/P40073x2_P53901x1_Q05080x2_Q07533x1_pool_output/assembled_results/output_clustered_0.pdb,63.9047,true,/cluster/project/beltrao/kdammer/master_thesis/data/Pipeline/19_CP_pae_plddt_trimmed/CombFold/P40073x2_P53901x1_Q05080x2_Q07533x1_pool_output/assembled_results/output_clustered_4.pdb,69.5661,false,/cluster/project/beltrao/kdammer/master_thesis/data/Pipeline/19_CP_pae_plddt_trimmed/CombFold/P40073x2_P53901x1_Q05080x2_Q07533x1_pool_output/us_align_plddt_trimmed/output_clustered_4,0.5202,0.5332,5.63,3366,3281,1882,5.6614000000000075
CPX-1190,4,P36096x1_Q08232x2_Q12015x1_Q12229x1,pred_3,5,/cluster/project/beltrao/kdammer/master_thesis/data/Pipeline/18_CP_model_based_on_pae/CombFold/P36096x1_Q08232x2_Q12015x1_Q12229x1_pool_output/assembled_results/output_clustered_3.pdb,65.2891,true,/cluster/project/beltrao/kdammer/master_thesis/data/Pipeline/19_CP_pae_plddt_trimmed/CombFold/P36096x1_Q08232x2_Q12015x1_Q12229x1_pool_output/assembled_results/output_clustered_4.pdb,76.8183,false,/cluster/project/beltrao/kdammer/master_thesis/data/Pipeline/19_CP_pae_plddt_trimmed/CombFold/P36096x1_Q08232x2_Q12015x1_Q12229x1_pool_output/us_align_plddt_trimmed/output_clustered_4,0.5191,0.5383,3.55,2149,2071,1155,11.529199999999989
CPX-1700,3,P00546x1_P13365x1_P20486x1,pred_1,3,/cluster/project/beltrao/kdammer/master_thesis/data/Pipeline/18_CP_model_based_on_pae/CombFold/P00546x1_P13365x1_P20486x1_pool_output/assembled_results/output_clustered_0.pdb,76.7899,true,/cluster/project/beltrao/kdammer/master_thesis/data/Pipeline/19_CP_pae_plddt_trimmed/CombFold/P00546x1_P13365x1_P20486x1_pool_output/assembled_results/output_clustered_0.pdb,79.5546,false,/cluster/project/beltrao/kdammer/master_thesis/data/Pipeline/19_CP_pae_plddt_trimmed/CombFold/P00546x1_P13365x1_P20486x1_pool_output/us_align_plddt_trimmed/output_clustered_0,0.4173,0.5389,0.0,1028,796,429,2.7646999999999906
CPX-779,6,P38874x2_P42935x2_Q02884x2_Q02908x1_Q04868x2_Q06706x2,pred_1,11,/cluster/project/beltrao/kdammer/master_thesis/data/Pipeline/18_CP_model_based_on_pae/CombFold/P38874x2_P42935x2_Q02884x2_Q02908x1_Q04868x2_Q06706x2_pool_output/assembled_results/output_clustered_0.pdb,74.14,true,/cluster/project/beltrao/kdammer/master_thesis/data/Pipeline/19_CP_pae_plddt_trimmed/CombFold/P38874x2_P42935x2_Q02884x2_Q02908x1_Q04868x2_Q06706x2_pool_output/assembled_results/output_clustered_0.pdb,76.9896,false,/cluster/project/beltrao/kdammer/master_thesis/data/Pipeline/19_CP_pae_plddt_trimmed/CombFold/P38874x2_P42935x2_Q02884x2_Q02908x1_Q04868x2_Q06706x2_pool_output/us_align_plddt_trimmed/output_clustered_0,0.5293,0.5526,5.02,6907,6612,3769,2.8495999999999952
CPX-1861,5,P31539x2_P38276x2_Q12118x2_Q12125x2_Q12285x2,pred_1,10,/cluster/project/beltrao/kdammer/master_thesis/data/Pipeline/18_CP_model_based_on_pae/CombFold/P31539x2_P38276x2_Q12118x2_Q12125x2_Q12285x2_pool_output/assembled_results/output_clustered_0.pdb,79.9432,true,/cluster/project/beltrao/kdammer/master_thesis/data/Pipeline/19_CP_pae_plddt_trimmed/CombFold/P31539x2_P38276x2_Q12118x2_Q12125x2_Q12285x2_pool_output/assembled_results/output_clustered_0.pdb,80.3699,false,/cluster/project/beltrao/kdammer/master_thesis/data/Pipeline/19_CP_pae_plddt_trimmed/CombFold/P31539x2_P38276x2_Q12118x2_Q12125x2_Q12285x2_pool_output/us_align_plddt_trimmed/output_clustered_0,0.5445,0.56,7.85,3914,3798,2433,0.42669999999999675
CPX-3233,5,P34078x1_P38247x1_P53290x1_Q00582x1_Q02205x1,pred_1,5,/cluster/project/beltrao/kdammer/master_thesis/data/Pipeline/18_CP_model_based_on_pae/CombFold/P34078x1_P38247x1_P53290x1_Q00582x1_Q02205x1_pool_output/assembled_results/output_clustered_0.pdb,77.0586,true,/cluster/project/beltrao/kdammer/master_thesis/data/Pipeline/19_CP_pae_plddt_trimmed/CombFold/P34078x1_P38247x1_P53290x1_Q00582x1_Q02205x1_pool_output/assembled_results/output_clustered_1.pdb,78.3366,false,/cluster/project/beltrao/kdammer/master_thesis/data/Pipeline/19_CP_pae_plddt_trimmed/CombFold/P34078x1_P38247x1_P53290x1_Q00582x1_Q02205x1_pool_output/us_align_plddt_trimmed/output_clustered_1,0.5399,0.5626,0.88,1460,1401,790,1.2780000000000058
CPX-1854,4,P22214x1_P22804x1_P25385x1_Q01590x1,pred_1,4,/cluster/project/beltrao/kdammer/master_thesis/data/Pipeline/18_CP_model_based_on_pae/CombFold/P22214x1_P22804x1_P25385x1_Q01590x1_pool_output/assembled_results/output_clustered_0.pdb,71.444,true,/cluster/project/beltrao/kdammer/master_thesis/data/Pipeline/19_CP_pae_plddt_trimmed/CombFold/P22214x1_P22804x1_P25385x1_Q01590x1_pool_output/assembled_results/output_clustered_0.pdb,75.1613,false,/cluster/project/beltrao/kdammer/master_thesis/data/Pipeline/19_CP_pae_plddt_trimmed/CombFold/P22214x1_P22804x1_P25385x1_Q01590x1_pool_output/us_align_plddt_trimmed/output_clustered_0,0.5414,0.5672,3.64,940,894,564,3.7172999999999945
CPX-1015,3,P32389x1_P40573x2_Q12041x2,pred_2,5,/cluster/project/beltrao/kdammer/master_thesis/data/Pipeline/18_CP_model_based_on_pae/CombFold/P32389x1_P40573x2_Q12041x2_pool_output/assembled_results/output_clustered_1.pdb,52.8215,true,/cluster/project/beltrao/kdammer/master_thesis/data/Pipeline/19_CP_pae_plddt_trimmed/CombFold/P32389x1_P40573x2_Q12041x2_pool_output/assembled_results/output_clustered_2.pdb,52.8382,false,/cluster/project/beltrao/kdammer/master_thesis/data/Pipeline/19_CP_pae_plddt_trimmed/CombFold/P32389x1_P40573x2_Q12041x2_pool_output/us_align_plddt_trimmed/output_clustered_2,0.4909,0.5778,4.8,1428,1203,771,0.01670000000000016
CPX-1679,4,P40985x2_P47047x1_P53632x1_Q12476x1,pred_3,5,/cluster/project/beltrao/kdammer/master_thesis/data/Pipeline/18_CP_model_based_on_pae/CombFold/P40985x2_P47047x1_P53632x1_Q12476x1_pool_output/assembled_results/output_clustered_0.pdb,67.048,true,/cluster/project/beltrao/kdammer/master_thesis/data/Pipeline/19_CP_pae_plddt_trimmed/CombFold/P40985x2_P47047x1_P53632x1_Q12476x1_pool_output/assembled_results/output_clustered_2.pdb,73.4789,false,/cluster/project/beltrao/kdammer/master_thesis/data/Pipeline/19_CP_pae_plddt_trimmed/CombFold/P40985x2_P47047x1_P53632x1_Q12476x1_pool_output/us_align_plddt_trimmed/output_clustered_2,0.5092,0.5874,2.29,3785,3279,1947,6.430899999999994
CPX-3250,5,P14682x1_P52286x1_Q08273x1_Q08496x1_Q12018x1,pred_1,5,/cluster/project/beltrao/kdammer/master_thesis/data/Pipeline/18_CP_model_based_on_pae/CombFold/P14682x1_P52286x1_Q08273x1_Q08496x1_Q12018x1_pool_output/assembled_results/output_clustered_0.pdb,74.8772,true,/cluster/project/beltrao/kdammer/master_thesis/data/Pipeline/19_CP_pae_plddt_trimmed/CombFold/P14682x1_P52286x1_Q08273x1_Q08496x1_Q12018x1_pool_output/assembled_results/output_clustered_2.pdb,75.7225,false,/cluster/project/beltrao/kdammer/master_thesis/data/Pipeline/19_CP_pae_plddt_trimmed/CombFold/P14682x1_P52286x1_Q08273x1_Q08496x1_Q12018x1_pool_output/us_align_plddt_trimmed/output_clustered_2,0.5478,0.5902,3.66,2157,1999,1232,0.8452999999999946
CPX-1947,3,P00958x1_P46655x1_P46672x1,true,3,/cluster/project/beltrao/kdammer/master_thesis/data/Pipeline/18_CP_model_based_on_pae/CombFold/P00958x1_P46655x1_P46672x1_pool_output/assembled_results/output_clustered_0.pdb,76.3344,true,/cluster/project/beltrao/kdammer/master_thesis/data/Pipeline/19_CP_pae_plddt_trimmed/CombFold/P00958x1_P46655x1_P46672x1_pool_output/assembled_results/output_clustered_0.pdb,76.1305,false,/cluster/project/beltrao/kdammer/master_thesis/data/Pipeline/19_CP_pae_plddt_trimmed/CombFold/P00958x1_P46655x1_P46672x1_pool_output/us_align_plddt_trimmed/output_clustered_0,0.589,0.5912,0.73,1835,1828,1082,-0.2039000000000044
CPX-568,3,P13712x1_Q04199x1_Q12495x2,pred_3,4,/cluster/project/beltrao/kdammer/master_thesis/data/Pipeline/18_CP_model_based_on_pae/CombFold/P13712x1_Q04199x1_Q12495x2_pool_output/assembled_results/output_clustered_0.pdb,76.0584,true,/cluster/project/beltrao/kdammer/master_thesis/data/Pipeline/19_CP_pae_plddt_trimmed/CombFold/P13712x1_Q04199x1_Q12495x2_pool_output/assembled_results/output_clustered_0.pdb,77.1665,false,/cluster/project/beltrao/kdammer/master_thesis/data/Pipeline/19_CP_pae_plddt_trimmed/CombFold/P13712x1_Q04199x1_Q12495x2_pool_output/us_align_plddt_trimmed/output_clustered_0,0.5098,0.6007,5.37,2102,1769,1180,1.1080999999999932
CPX-1846,3,P32345x2_P38193x1_P40164x2,pred_2,5,/cluster/project/beltrao/kdammer/master_thesis/data/Pipeline/18_CP_model_based_on_pae/CombFold/P32345x2_P38193x1_P40164x2_pool_output/assembled_results/output_clustered_4.pdb,69.0105,true,/cluster/project/beltrao/kdammer/master_thesis/data/Pipeline/19_CP_pae_plddt_trimmed/CombFold/P32345x2_P38193x1_P40164x2_pool_output/assembled_results/output_clustered_0.pdb,72.5854,false,/cluster/project/beltrao/kdammer/master_thesis/data/Pipeline/19_CP_pae_plddt_trimmed/CombFold/P32345x2_P38193x1_P40164x2_pool_output/us_align_plddt_trimmed/output_clustered_0,0.536,0.6034,6.67,2773,2447,1660,3.5749000000000137
CPX-6127,5,P32897x1_P39515x2_P53220x1_Q02776x1_Q02889x1,pred_2,6,/cluster/project/beltrao/kdammer/master_thesis/data/Pipeline/18_CP_model_based_on_pae/CombFold/P32897x1_P39515x2_P53220x1_Q02776x1_Q02889x1_pool_output/assembled_results/output_clustered_1.pdb,78.422,true,/cluster/project/beltrao/kdammer/master_thesis/data/Pipeline/19_CP_pae_plddt_trimmed/CombFold/P32897x1_P39515x2_P53220x1_Q02776x1_Q02889x1_pool_output/assembled_results/output_clustered_3.pdb,81.1932,false,/cluster/project/beltrao/kdammer/master_thesis/data/Pipeline/19_CP_pae_plddt_trimmed/CombFold/P32897x1_P39515x2_P53220x1_Q02776x1_Q02889x1_pool_output/us_align_plddt_trimmed/output_clustered_3,0.5301,0.6097,2.99,1366,1185,750,2.7712000000000074
CPX-3462,3,P11433x1_P29366x1_P48562x1,pred_3,3,/cluster/project/beltrao/kdammer/master_thesis/data/Pipeline/18_CP_model_based_on_pae/CombFold/P11433x1_P29366x1_P48562x1_pool_output/assembled_results/output_clustered_0.pdb,59.1926,true,/cluster/project/beltrao/kdammer/master_thesis/data/Pipeline/19_CP_pae_plddt_trimmed/CombFold/P11433x1_P29366x1_P48562x1_pool_output/assembled_results/output_clustered_1.pdb,60.7831,false,/cluster/project/beltrao/kdammer/master_thesis/data/Pipeline/19_CP_pae_plddt_trimmed/CombFold/P11433x1_P29366x1_P48562x1_pool_output/us_align_plddt_trimmed/output_clustered_1,0.5836,0.6133,1.33,2247,2138,1317,1.5904999999999987
CPX-1152,4,P05085x1_P07249x2_P07250x1_P11746x2,pred_3,6,/cluster/project/beltrao/kdammer/master_thesis/data/Pipeline/18_CP_model_based_on_pae/CombFold/P05085x1_P07249x2_P07250x1_P11746x2_pool_output/assembled_results/output_clustered_3.pdb,77.898,true,/cluster/project/beltrao/kdammer/master_thesis/data/Pipeline/19_CP_pae_plddt_trimmed/CombFold/P05085x1_P07249x2_P07250x1_P11746x2_pool_output/assembled_results/output_clustered_1.pdb,79.1889,false,/cluster/project/beltrao/kdammer/master_thesis/data/Pipeline/19_CP_pae_plddt_trimmed/CombFold/P05085x1_P07249x2_P07250x1_P11746x2_pool_output/us_align_plddt_trimmed/output_clustered_1,0.545,0.6195,3.11,2161,1897,1216,1.2909000000000077
CPX-1362,3,P06777x1_P06838x1_Q12098x1,pred_1,3,/cluster/project/beltrao/kdammer/master_thesis/data/Pipeline/18_CP_model_based_on_pae/CombFold/P06777x1_P06838x1_Q12098x1_pool_output/assembled_results/output_clustered_0.pdb,76.2568,true,/cluster/project/beltrao/kdammer/master_thesis/data/Pipeline/19_CP_pae_plddt_trimmed/CombFold/P06777x1_P06838x1_Q12098x1_pool_output/assembled_results/output_clustered_0.pdb,62.6955,false,/cluster/project/beltrao/kdammer/master_thesis/data/Pipeline/19_CP_pae_plddt_trimmed/CombFold/P06777x1_P06838x1_Q12098x1_pool_output/us_align_plddt_trimmed/output_clustered_0,0.6164,0.6333,1.48,2058,2003,1276,-13.561299999999996
CPX-608,6,P25554x2_P25649x1_P32494x1_Q02336x1_Q03330x2_Q12433x1,pred_3,8,/cluster/project/beltrao/kdammer/master_thesis/data/Pipeline/18_CP_model_based_on_pae/CombFold/P25554x2_P25649x1_P32494x1_Q02336x1_Q03330x2_Q12433x1_pool_output/assembled_results/output_clustered_0.pdb,75.0183,true,/cluster/project/beltrao/kdammer/master_thesis/data/Pipeline/19_CP_pae_plddt_trimmed/CombFold/P25554x2_P25649x1_P32494x1_Q02336x1_Q03330x2_Q12433x1_pool_output/assembled_results/output_clustered_0.pdb,78.043,false,/cluster/project/beltrao/kdammer/master_thesis/data/Pipeline/19_CP_pae_plddt_trimmed/CombFold/P25554x2_P25649x1_P32494x1_Q02336x1_Q03330x2_Q12433x1_pool_output/us_align_plddt_trimmed/output_clustered_0,0.5695,0.6369,1.69,3226,2884,1847,3.02470000000001
CPX-1655,3,P25573x1_P32795x6_Q04472x1,pred_1,8,/cluster/project/beltrao/kdammer/master_thesis/data/Pipeline/18_CP_model_based_on_pae/CombFold/P25573x1_P32795x6_Q04472x1_pool_output/assembled_results/output_clustered_4.pdb,68.0228,true,/cluster/project/beltrao/kdammer/master_thesis/data/Pipeline/19_CP_pae_plddt_trimmed/CombFold/P25573x1_P32795x6_Q04472x1_pool_output/assembled_results/output_clustered_4.pdb,71.3229,false,/cluster/project/beltrao/kdammer/master_thesis/data/Pipeline/19_CP_pae_plddt_trimmed/CombFold/P25573x1_P32795x6_Q04472x1_pool_output/us_align_plddt_trimmed/output_clustered_4,0.5573,0.64,9.51,5400,4632,3565,3.3001000000000005
CPX-5322,4,P31109x1_Q03322x1_Q04338x1_Q08144x1,pred_1,4,/cluster/project/beltrao/kdammer/master_thesis/data/Pipeline/18_CP_model_based_on_pae/CombFold/P31109x1_Q03322x1_Q04338x1_Q08144x1_pool_output/assembled_results/output_clustered_1.pdb,71.1899,true,/cluster/project/beltrao/kdammer/master_thesis/data/Pipeline/19_CP_pae_plddt_trimmed/CombFold/P31109x1_Q03322x1_Q04338x1_Q08144x1_pool_output/assembled_results/output_clustered_4.pdb,73.4413,false,/cluster/project/beltrao/kdammer/master_thesis/data/Pipeline/19_CP_pae_plddt_trimmed/CombFold/P31109x1_Q03322x1_Q04338x1_Q08144x1_pool_output/us_align_plddt_trimmed/output_clustered_4,0.6071,0.6545,2.61,955,885,598,2.251400000000004
CPX-1153,6,P35727x1_P40003x2_P48232x1_P53158x1_Q06071x1_Q06333x1,pred_1,7,/cluster/project/beltrao/kdammer/master_thesis/data/Pipeline/18_CP_model_based_on_pae/CombFold/P35727x1_P40003x2_P48232x1_P53158x1_Q06071x1_Q06333x1_pool_output/assembled_results/output_clustered_1.pdb,74.9306,true,/cluster/project/beltrao/kdammer/master_thesis/data/Pipeline/19_CP_pae_plddt_trimmed/CombFold/P35727x1_P40003x2_P48232x1_P53158x1_Q06071x1_Q06333x1_pool_output/assembled_results/output_clustered_1.pdb,76.5218,false,/cluster/project/beltrao/kdammer/master_thesis/data/Pipeline/19_CP_pae_plddt_trimmed/CombFold/P35727x1_P40003x2_P48232x1_P53158x1_Q06071x1_Q06333x1_pool_output/us_align_plddt_trimmed/output_clustered_1,0.5187,0.6584,5.41,1241,962,733,1.5912000000000006
CPX-2091,4,P10363x1_P13382x1_P20457x1_P38121x2,pred_2,5,/cluster/project/beltrao/kdammer/master_thesis/data/Pipeline/18_CP_model_based_on_pae/CombFold/P10363x1_P13382x1_P20457x1_P38121x2_pool_output/assembled_results/output_clustered_0.pdb,75.3051,true,/cluster/project/beltrao/kdammer/master_thesis/data/Pipeline/19_CP_pae_plddt_trimmed/CombFold/P10363x1_P13382x1_P20457x1_P38121x2_pool_output/assembled_results/output_clustered_1.pdb,79.5304,false,/cluster/project/beltrao/kdammer/master_thesis/data/Pipeline/19_CP_pae_plddt_trimmed/CombFold/P10363x1_P13382x1_P20457x1_P38121x2_pool_output/us_align_plddt_trimmed/output_clustered_1,0.6539,0.659,4.0,3815,3785,2570,4.225300000000004
CPX-1624,4,P36095x5_P36108x5_P39929x2_Q04272x5,pred_3,17,/cluster/project/beltrao/kdammer/master_thesis/data/Pipeline/18_CP_model_based_on_pae/CombFold/P36095x5_P36108x5_P39929x2_Q04272x5_pool_output/assembled_results/output_clustered_2.pdb,63.8653,true,/cluster/project/beltrao/kdammer/master_thesis/data/Pipeline/19_CP_pae_plddt_trimmed/CombFold/P36095x5_P36108x5_P39929x2_Q04272x5_pool_output/assembled_results/output_clustered_3.pdb,64.3112,false,/cluster/project/beltrao/kdammer/master_thesis/data/Pipeline/19_CP_pae_plddt_trimmed/CombFold/P36095x5_P36108x5_P39929x2_Q04272x5_pool_output/us_align_plddt_trimmed/output_clustered_3,0.6073,0.6622,7.24,3865,3523,2642,0.44590000000000174
CPX-1800,9,P06100x1_P06102x1_P25655x1_P31384x1_P34909x1_P39008x1_P53280x1_P53829x1_Q12514x2,pred_2,10,/cluster/project/beltrao/kdammer/master_thesis/data/Pipeline/18_CP_model_based_on_pae/CombFold/P06100x1_P06102x1_P25655x1_P31384x1_P34909x1_P39008x1_P53280x1_P53829x1_Q12514x2_pool_output/assembled_results/output_clustered_3.pdb,71.8871,true,/cluster/project/beltrao/kdammer/master_thesis/data/Pipeline/19_CP_pae_plddt_trimmed/CombFold/P06100x1_P06102x1_P25655x1_P31384x1_P34909x1_P39008x1_P53280x1_P53829x1_Q12514x2_pool_output/assembled_results/output_clustered_0.pdb,78.3249,false,/cluster/project/beltrao/kdammer/master_thesis/data/Pipeline/19_CP_pae_plddt_trimmed/CombFold/P06100x1_P06102x1_P25655x1_P31384x1_P34909x1_P39008x1_P53280x1_P53829x1_Q12514x2_pool_output/us_align_plddt_trimmed/output_clustered_0,0.6267,0.6672,4.65,7607,7140,4895,6.437799999999996
CPX-1840,8,P40094x1_P53079x1_P53195x1_P53271x1_P53951x1_P53959x1_Q04632x1_Q06096x1,pred_1,8,/cluster/project/beltrao/kdammer/master_thesis/data/Pipeline/18_CP_model_based_on_pae/CombFold/P40094x1_P53079x1_P53195x1_P53271x1_P53951x1_P53959x1_Q04632x1_Q06096x1_pool_output/assembled_results/output_clustered_2.pdb,72.4186,true,/cluster/project/beltrao/kdammer/master_thesis/data/Pipeline/19_CP_pae_plddt_trimmed/CombFold/P40094x1_P53079x1_P53195x1_P53271x1_P53951x1_P53959x1_Q04632x1_Q06096x1_pool_output/assembled_results/output_clustered_2.pdb,74.7522,false,/cluster/project/beltrao/kdammer/master_thesis/data/Pipeline/19_CP_pae_plddt_trimmed/CombFold/P40094x1_P53079x1_P53195x1_P53271x1_P53951x1_P53959x1_Q04632x1_Q06096x1_pool_output/us_align_plddt_trimmed/output_clustered_2,0.6602,0.6733,2.61,4469,4381,2997,2.333600000000004
CPX-392,6,P25374x2_P32463x2_Q03020x2_Q07540x2_Q12184x2_Q6Q560x2,true,12,/cluster/project/beltrao/kdammer/master_thesis/data/Pipeline/18_CP_model_based_on_pae/CombFold/P25374x2_P32463x2_Q03020x2_Q07540x2_Q12184x2_Q6Q560x2_pool_output/assembled_results/output_clustered_3.pdb,77.6661,true,/cluster/project/beltrao/kdammer/master_thesis/data/Pipeline/19_CP_pae_plddt_trimmed/CombFold/P25374x2_P32463x2_Q03020x2_Q07540x2_Q12184x2_Q6Q560x2_pool_output/assembled_results/output_clustered_2.pdb,82.4195,false,/cluster/project/beltrao/kdammer/master_thesis/data/Pipeline/19_CP_pae_plddt_trimmed/CombFold/P25374x2_P32463x2_Q03020x2_Q07540x2_Q12184x2_Q6Q560x2_pool_output/us_align_plddt_trimmed/output_clustered_2,0.5489,0.6753,5.41,2454,1976,1465,4.753399999999999
CPX-3681,5,P14682x1_P52286x1_Q03899x1_Q08273x1_Q12018x1,pred_1,5,/cluster/project/beltrao/kdammer/master_thesis/data/Pipeline/18_CP_model_based_on_pae/CombFold/P14682x1_P52286x1_Q03899x1_Q08273x1_Q12018x1_pool_output/assembled_results/output_clustered_1.pdb,70.1642,true,/cluster/project/beltrao/kdammer/master_thesis/data/Pipeline/19_CP_pae_plddt_trimmed/CombFold/P14682x1_P52286x1_Q03899x1_Q08273x1_Q12018x1_pool_output/assembled_results/output_clustered_0.pdb,71.6914,false,/cluster/project/beltrao/kdammer/master_thesis/data/Pipeline/19_CP_pae_plddt_trimmed/CombFold/P14682x1_P52286x1_Q03899x1_Q08273x1_Q12018x1_pool_output/us_align_plddt_trimmed/output_clustered_0,0.6313,0.6853,2.04,1981,1823,1274,1.5272000000000077
CPX-3284,11,P28005x1_P38208x1_P38291x1_P38336x1_P38786x1_P40993x1_P41812x1_P53218x1_P53833x1_Q12530x1,pred_2,10,/cluster/project/beltrao/kdammer/master_thesis/data/Pipeline/18_CP_model_based_on_pae/CombFold/P28005x1_P38208x1_P38291x1_P38336x1_P38786x1_P40993x1_P41812x1_P53218x1_P53833x1_Q12530x1_pool_output/assembled_results/output_clustered_0.pdb,77.9297,true,/cluster/project/beltrao/kdammer/master_thesis/data/Pipeline/19_CP_pae_plddt_trimmed/CombFold/P28005x1_P38208x1_P38291x1_P38336x1_P38786x1_P40993x1_P41812x1_P53218x1_P53833x1_Q12530x1_pool_output/assembled_results/output_clustered_1.pdb,80.4012,false,/cluster/project/beltrao/kdammer/master_thesis/data/Pipeline/19_CP_pae_plddt_trimmed/CombFold/P28005x1_P38208x1_P38291x1_P38336x1_P38786x1_P40993x1_P41812x1_P53218x1_P53833x1_Q12530x1_pool_output/us_align_plddt_trimmed/output_clustered_1,0.6496,0.6856,0.99,2645,2506,1722,2.471500000000006
CPX-3211,5,P25583x1_P38236x1_P40167x1_P41833x3_P53185x1,pred_3,7,/cluster/project/beltrao/kdammer/master_thesis/data/Pipeline/18_CP_model_based_on_pae/CombFold/P25583x1_P38236x1_P40167x1_P41833x3_P53185x1_pool_output/assembled_results/output_clustered_0.pdb,69.2565,true,/cluster/project/beltrao/kdammer/master_thesis/data/Pipeline/19_CP_pae_plddt_trimmed/CombFold/P25583x1_P38236x1_P40167x1_P41833x3_P53185x1_pool_output/assembled_results/output_clustered_1.pdb,70.2293,false,/cluster/project/beltrao/kdammer/master_thesis/data/Pipeline/19_CP_pae_plddt_trimmed/CombFold/P25583x1_P38236x1_P40167x1_P41833x3_P53185x1_pool_output/us_align_plddt_trimmed/output_clustered_1,0.5693,0.686,4.31,3708,3058,2218,0.9727999999999923
CPX-1712,8,P25293x2_P25342x2_P32457x2_P32458x2_P32468x2_P53890x2_Q07657x2_Q12263x1,pred_1,15,/cluster/project/beltrao/kdammer/master_thesis/data/Pipeline/18_CP_model_based_on_pae/CombFold/P25293x2_P25342x2_P32457x2_P32458x2_P32468x2_P53890x2_Q07657x2_Q12263x1_pool_output/assembled_results/output_clustered_4.pdb,76.4985,true,/cluster/project/beltrao/kdammer/master_thesis/data/Pipeline/19_CP_pae_plddt_trimmed/CombFold/P25293x2_P25342x2_P32457x2_P32458x2_P32468x2_P53890x2_Q07657x2_Q12263x1_pool_output/assembled_results/output_clustered_0.pdb,77.7185,false,/cluster/project/beltrao/kdammer/master_thesis/data/Pipeline/19_CP_pae_plddt_trimmed/CombFold/P25293x2_P25342x2_P32457x2_P32458x2_P32468x2_P53890x2_Q07657x2_Q12263x1_pool_output/us_align_plddt_trimmed/output_clustered_0,0.6568,0.7007,4.62,7302,6838,4934,1.2199999999999989
CPX-1016,3,P17106x2_P32389x1_P40573x2,pred_1,5,/cluster/project/beltrao/kdammer/master_thesis/data/Pipeline/18_CP_model_based_on_pae/CombFold/P17106x2_P32389x1_P40573x2_pool_output/assembled_results/output_clustered_0.pdb,61.8622,true,/cluster/project/beltrao/kdammer/master_thesis/data/Pipeline/19_CP_pae_plddt_trimmed/CombFold/P17106x2_P32389x1_P40573x2_pool_output/assembled_results/output_clustered_0.pdb,65.7175,false,/cluster/project/beltrao/kdammer/master_thesis/data/Pipeline/19_CP_pae_plddt_trimmed/CombFold/P17106x2_P32389x1_P40573x2_pool_output/us_align_plddt_trimmed/output_clustered_0,0.4695,0.7037,6.7,1748,1109,986,3.8552999999999997
CPX-1193,16,P0C5R9x1_P16140x3_P17255x3_P22203x3_P23968x1_P25515x8_P31412x1_P32366x1_P32563x1_P32610x1_P32842x1_P39111x1_P41807x1_P48836x3_P53262x1_Q3E7B6x1,pred_3,31,/cluster/project/beltrao/kdammer/master_thesis/data/Pipeline/18_CP_model_based_on_pae/CombFold/P0C5R9x1_P16140x3_P17255x3_P22203x3_P23968x1_P25515x8_P31412x1_P32366x1_P32563x1_P32610x1_P32842x1_P39111x1_P41807x1_P48836x3_P53262x1_Q3E7B6x1_pool_output/assembled_results/output_clustered_3.pdb,87.4024,true,/cluster/project/beltrao/kdammer/master_thesis/data/Pipeline/19_CP_pae_plddt_trimmed/CombFold/P0C5R9x1_P16140x3_P17255x3_P22203x3_P23968x1_P25515x8_P31412x1_P32366x1_P32563x1_P32610x1_P32842x1_P39111x1_P41807x1_P48836x3_P53262x1_Q3E7B6x1_pool_output/assembled_results/output_clustered_2.pdb,86.446,false,/cluster/project/beltrao/kdammer/master_thesis/data/Pipeline/19_CP_pae_plddt_trimmed/CombFold/P0C5R9x1_P16140x3_P17255x3_P22203x3_P23968x1_P25515x8_P31412x1_P32366x1_P32563x1_P32610x1_P32842x1_P39111x1_P41807x1_P48836x3_P53262x1_Q3E7B6x1_pool_output/us_align_plddt_trimmed/output_clustered_2,0.692,0.7042,4.81,10314,10134,7301,-0.9564000000000021
CPX-1867,4,P32908x1_P40541x1_P47037x1_Q12158x1,pred_1,4,/cluster/project/beltrao/kdammer/master_thesis/data/Pipeline/18_CP_model_based_on_pae/CombFold/P32908x1_P40541x1_P47037x1_Q12158x1_pool_output/assembled_results/output_clustered_0.pdb,74.0819,true,/cluster/project/beltrao/kdammer/master_thesis/data/Pipeline/19_CP_pae_plddt_trimmed/CombFold/P32908x1_P40541x1_P47037x1_Q12158x1_pool_output/assembled_results/output_clustered_0.pdb,77.5419,false,/cluster/project/beltrao/kdammer/master_thesis/data/Pipeline/19_CP_pae_plddt_trimmed/CombFold/P32908x1_P40541x1_P47037x1_Q12158x1_pool_output/us_align_plddt_trimmed/output_clustered_0,0.6719,0.708,2.83,4171,3957,2840,3.4599999999999937
CPX-3265,6,P25694x6_P33755x1_P53044x1_Q04781x3_Q05468x1_Q12532x1,pred_3,13,/cluster/project/beltrao/kdammer/master_thesis/data/Pipeline/18_CP_model_based_on_pae/CombFold/P25694x6_P33755x1_P53044x1_Q04781x3_Q05468x1_Q12532x1_pool_output/assembled_results/output_clustered_1.pdb,73.6409,true,/cluster/project/beltrao/kdammer/master_thesis/data/Pipeline/19_CP_pae_plddt_trimmed/CombFold/P25694x6_P33755x1_P53044x1_Q04781x3_Q05468x1_Q12532x1_pool_output/assembled_results/output_clustered_4.pdb,75.6618,false,/cluster/project/beltrao/kdammer/master_thesis/data/Pipeline/19_CP_pae_plddt_trimmed/CombFold/P25694x6_P33755x1_P53044x1_Q04781x3_Q05468x1_Q12532x1_pool_output/us_align_plddt_trimmed/output_clustered_4,0.7167,0.7389,0.29,12398,12026,8887,2.0208999999999975
CPX-5321,4,P33328x1_Q03322x1_Q04338x1_Q08144x1,pred_1,4,/cluster/project/beltrao/kdammer/master_thesis/data/Pipeline/18_CP_model_based_on_pae/CombFold/P33328x1_Q03322x1_Q04338x1_Q08144x1_pool_output/assembled_results/output_clustered_2.pdb,72.3936,true,/cluster/project/beltrao/kdammer/master_thesis/data/Pipeline/19_CP_pae_plddt_trimmed/CombFold/P33328x1_Q03322x1_Q04338x1_Q08144x1_pool_output/assembled_results/output_clustered_0.pdb,75.1737,false,/cluster/project/beltrao/kdammer/master_thesis/data/Pipeline/19_CP_pae_plddt_trimmed/CombFold/P33328x1_Q03322x1_Q04338x1_Q08144x1_pool_output/us_align_plddt_trimmed/output_clustered_0,0.6792,0.7449,0.56,953,869,648,2.7800999999999902
CPX-1883,4,P0CE41x1_P10592x2_P25491x2_P25567x1,pred_1,6,/cluster/project/beltrao/kdammer/master_thesis/data/Pipeline/18_CP_model_based_on_pae/CombFold/P0CE41x1_P10592x2_P25491x2_P25567x1_pool_output/assembled_results/output_clustered_1.pdb,69.5038,true,/cluster/project/beltrao/kdammer/master_thesis/data/Pipeline/19_CP_pae_plddt_trimmed/CombFold/P0CE41x1_P10592x2_P25491x2_P25567x1_pool_output/assembled_results/output_clustered_0.pdb,75.6613,false,/cluster/project/beltrao/kdammer/master_thesis/data/Pipeline/19_CP_pae_plddt_trimmed/CombFold/P0CE41x1_P10592x2_P25491x2_P25567x1_pool_output/us_align_plddt_trimmed/output_clustered_0,0.6661,0.7513,3.76,4032,3566,2774,6.157499999999999
CPX-1839,5,P32629x2_P39107x2_P46985x2_P47124x4_P50108x4,pred_2,14,/cluster/project/beltrao/kdammer/master_thesis/data/Pipeline/18_CP_model_based_on_pae/CombFold/P32629x2_P39107x2_P46985x2_P47124x4_P50108x4_pool_output/assembled_results/output_clustered_0.pdb,72.076,true,/cluster/project/beltrao/kdammer/master_thesis/data/Pipeline/19_CP_pae_plddt_trimmed/CombFold/P32629x2_P39107x2_P46985x2_P47124x4_P50108x4_pool_output/assembled_results/output_clustered_4.pdb,74.8534,false,/cluster/project/beltrao/kdammer/master_thesis/data/Pipeline/19_CP_pae_plddt_trimmed/CombFold/P32629x2_P39107x2_P46985x2_P47124x4_P50108x4_pool_output/us_align_plddt_trimmed/output_clustered_4,0.7018,0.7541,4.06,5790,5384,4159,2.7774
CPX-2946,3,P25694x3_P33755x1_P53044x1,pred_3,5,/cluster/project/beltrao/kdammer/master_thesis/data/Pipeline/18_CP_model_based_on_pae/CombFold/P25694x3_P33755x1_P53044x1_pool_output/assembled_results/output_clustered_0.pdb,71.2619,true,/cluster/project/beltrao/kdammer/master_thesis/data/Pipeline/19_CP_pae_plddt_trimmed/CombFold/P25694x3_P33755x1_P53044x1_pool_output/assembled_results/output_clustered_3.pdb,72.9054,false,/cluster/project/beltrao/kdammer/master_thesis/data/Pipeline/19_CP_pae_plddt_trimmed/CombFold/P25694x3_P33755x1_P53044x1_pool_output/us_align_plddt_trimmed/output_clustered_3,0.7151,0.7591,1.33,3446,3246,2472,1.643500000000003
CPX-140,6,P36112x1_P38341x1_P43594x2_P50087x1_P50945x1_Q96VH5x2,pred_2,8,/cluster/project/beltrao/kdammer/master_thesis/data/Pipeline/18_CP_model_based_on_pae/CombFold/P36112x1_P38341x1_P43594x2_P50087x1_P50945x1_Q96VH5x2_pool_output/assembled_results/output_clustered_2.pdb,73.4218,true,/cluster/project/beltrao/kdammer/master_thesis/data/Pipeline/19_CP_pae_plddt_trimmed/CombFold/P36112x1_P38341x1_P43594x2_P50087x1_P50945x1_Q96VH5x2_pool_output/assembled_results/output_clustered_0.pdb,76.528,false,/cluster/project/beltrao/kdammer/master_thesis/data/Pipeline/19_CP_pae_plddt_trimmed/CombFold/P36112x1_P38341x1_P43594x2_P50087x1_P50945x1_Q96VH5x2_pool_output/us_align_plddt_trimmed/output_clustered_0,0.6876,0.7611,4.57,1647,1478,1247,3.106200000000001
CPX-1316,3,P38996x1_P53617x2_Q00416x1,pred_1,4,/cluster/project/beltrao/kdammer/master_thesis/data/Pipeline/18_CP_model_based_on_pae/CombFold/P38996x1_P53617x2_Q00416x1_pool_output/assembled_results/output_clustered_0.pdb,58.3545,true,/cluster/project/beltrao/kdammer/master_thesis/data/Pipeline/19_CP_pae_plddt_trimmed/CombFold/P38996x1_P53617x2_Q00416x1_pool_output/assembled_results/output_clustered_0.pdb,66.0083,false,/cluster/project/beltrao/kdammer/master_thesis/data/Pipeline/19_CP_pae_plddt_trimmed/CombFold/P38996x1_P53617x2_Q00416x1_pool_output/us_align_plddt_trimmed/output_clustered_0,0.6747,0.7756,5.94,4183,3622,3018,7.653800000000004
CPX-426,3,P32521x1_P32790x1_P39013x1,pred_1,3,/cluster/project/beltrao/kdammer/master_thesis/data/Pipeline/18_CP_model_based_on_pae/CombFold/P32521x1_P32790x1_P39013x1_pool_output/assembled_results/output_clustered_0.pdb,53.4166,true,/cluster/project/beltrao/kdammer/master_thesis/data/Pipeline/19_CP_pae_plddt_trimmed/CombFold/P32521x1_P32790x1_P39013x1_pool_output/assembled_results/output_clustered_0.pdb,64.7441,false,/cluster/project/beltrao/kdammer/master_thesis/data/Pipeline/19_CP_pae_plddt_trimmed/CombFold/P32521x1_P32790x1_P39013x1_pool_output/us_align_plddt_trimmed/output_clustered_0,0.6201,0.7779,3.41,2149,1707,1378,11.3275
CPX-1904,3,P40155x3_P53112x2_P80667x5,pred_1,10,/cluster/project/beltrao/kdammer/master_thesis/data/Pipeline/18_CP_model_based_on_pae/CombFold/P40155x3_P53112x2_P80667x5_pool_output/assembled_results/output_clustered_1.pdb,50.5388,true,/cluster/project/beltrao/kdammer/master_thesis/data/Pipeline/19_CP_pae_plddt_trimmed/CombFold/P40155x3_P53112x2_P80667x5_pool_output/assembled_results/output_clustered_0.pdb,50.74,false,/cluster/project/beltrao/kdammer/master_thesis/data/Pipeline/19_CP_pae_plddt_trimmed/CombFold/P40155x3_P53112x2_P80667x5_pool_output/us_align_plddt_trimmed/output_clustered_0,0.7317,0.7784,6.7,3209,3004,2632,0.20120000000000005
CPX-232,3,P06782x1_P12904x1_P32578x1,pred_1,3,/cluster/project/beltrao/kdammer/master_thesis/data/Pipeline/18_CP_model_based_on_pae/CombFold/P06782x1_P12904x1_P32578x1_pool_output/assembled_results/output_clustered_1.pdb,70.1581,true,/cluster/project/beltrao/kdammer/master_thesis/data/Pipeline/19_CP_pae_plddt_trimmed/CombFold/P06782x1_P12904x1_P32578x1_pool_output/assembled_results/output_clustered_0.pdb,71.494,false,/cluster/project/beltrao/kdammer/master_thesis/data/Pipeline/19_CP_pae_plddt_trimmed/CombFold/P06782x1_P12904x1_P32578x1_pool_output/us_align_plddt_trimmed/output_clustered_0,0.6148,0.7894,4.77,1770,1364,1181,1.3358999999999952
CPX-7884,7,P25569x1_P40208x1_P40492x1_P40547x1_P53076x1_P53242x1_Q12508x1,pred_1,7,/cluster/project/beltrao/kdammer/master_thesis/data/Pipeline/18_CP_model_based_on_pae/CombFold/P25569x1_P40208x1_P40492x1_P40547x1_P53076x1_P53242x1_Q12508x1_pool_output/assembled_results/output_clustered_1.pdb,74.661,true,/cluster/project/beltrao/kdammer/master_thesis/data/Pipeline/19_CP_pae_plddt_trimmed/CombFold/P25569x1_P40208x1_P40492x1_P40547x1_P53076x1_P53242x1_Q12508x1_pool_output/assembled_results/output_clustered_3.pdb,75.7639,false,/cluster/project/beltrao/kdammer/master_thesis/data/Pipeline/19_CP_pae_plddt_trimmed/CombFold/P25569x1_P40208x1_P40492x1_P40547x1_P53076x1_P53242x1_Q12508x1_pool_output/us_align_plddt_trimmed/output_clustered_3,0.7909,0.8054,3.27,4308,4229,3511,1.1029000000000053
CPX-2660,17,P04051x1_P07703x1_P17890x1_P20434x1_P20435x1_P20436x1_P22139x1_P22276x1_P25441x1_P28000x1_P32349x1_P32910x1_P35718x1_P36121x1_P40422x1_P47076x1_Q04307x1,pred_1,17,/cluster/project/beltrao/kdammer/master_thesis/data/Pipeline/18_CP_model_based_on_pae/CombFold/P04051x1_P07703x1_P17890x1_P20434x1_P20435x1_P20436x1_P22139x1_P22276x1_P25441x1_P28000x1_P32349x1_P32910x1_P35718x1_P36121x1_P40422x1_P47076x1_Q04307x1_pool_output/assembled_results/output_clustered_1.pdb,86.2959,true,/cluster/project/beltrao/kdammer/master_thesis/data/Pipeline/19_CP_pae_plddt_trimmed/CombFold/P04051x1_P07703x1_P17890x1_P20434x1_P20435x1_P20436x1_P22139x1_P22276x1_P25441x1_P28000x1_P32349x1_P32910x1_P35718x1_P36121x1_P40422x1_P47076x1_Q04307x1_pool_output/assembled_results/output_clustered_1.pdb,86.4295,false,/cluster/project/beltrao/kdammer/master_thesis/data/Pipeline/19_CP_pae_plddt_trimmed/CombFold/P04051x1_P07703x1_P17890x1_P20434x1_P20435x1_P20436x1_P22139x1_P22276x1_P25441x1_P28000x1_P32349x1_P32910x1_P35718x1_P36121x1_P40422x1_P47076x1_Q04307x1_pool_output/us_align_plddt_trimmed/output_clustered_1,0.7765,0.8085,3.12,6151,5906,4838,0.13360000000000127
CPX-548,4,P33895x1_P40014x1_P40460x1_Q04477x1,pred_1,4,/cluster/project/beltrao/kdammer/master_thesis/data/Pipeline/18_CP_model_based_on_pae/CombFold/P33895x1_P40014x1_P40460x1_Q04477x1_pool_output/assembled_results/output_clustered_0.pdb,79.1364,true,/cluster/project/beltrao/kdammer/master_thesis/data/Pipeline/19_CP_pae_plddt_trimmed/CombFold/P33895x1_P40014x1_P40460x1_Q04477x1_pool_output/assembled_results/output_clustered_0.pdb,79.3781,false,/cluster/project/beltrao/kdammer/master_thesis/data/Pipeline/19_CP_pae_plddt_trimmed/CombFold/P33895x1_P40014x1_P40460x1_Q04477x1_pool_output/us_align_plddt_trimmed/output_clustered_0,0.7838,0.8102,6.07,1576,1520,1440,0.24170000000000869
CPX-567,10,P00127x2_P00128x2_P00163x2_P07143x2_P07256x2_P07257x2_P08067x2_P08525x2_P22289x2_P37299x2,pred_1,20,/cluster/project/beltrao/kdammer/master_thesis/data/Pipeline/18_CP_model_based_on_pae/CombFold/P00127x2_P00128x2_P00163x2_P07143x2_P07256x2_P07257x2_P08067x2_P08525x2_P22289x2_P37299x2_pool_output/assembled_results/output_clustered_2.pdb,86.6874,true,/cluster/project/beltrao/kdammer/master_thesis/data/Pipeline/19_CP_pae_plddt_trimmed/CombFold/P00127x2_P00128x2_P00163x2_P07143x2_P07256x2_P07257x2_P08067x2_P08525x2_P22289x2_P37299x2_pool_output/assembled_results/output_clustered_0.pdb,87.1671,false,/cluster/project/beltrao/kdammer/master_thesis/data/Pipeline/19_CP_pae_plddt_trimmed/CombFold/P00127x2_P00128x2_P00163x2_P07143x2_P07256x2_P07257x2_P08067x2_P08525x2_P22289x2_P37299x2_pool_output/us_align_plddt_trimmed/output_clustered_0,0.7749,0.8114,5.81,4490,4282,3697,0.47970000000000823
CPX-2944,6,P24279x1_P29469x1_P29496x1_P30665x1_P38132x1_P53091x1,true,6,/cluster/project/beltrao/kdammer/master_thesis/data/Pipeline/18_CP_model_based_on_pae/CombFold/P24279x1_P29469x1_P29496x1_P30665x1_P38132x1_P53091x1_pool_output/assembled_results/output_clustered_4.pdb,77.6691,true,/cluster/project/beltrao/kdammer/master_thesis/data/Pipeline/19_CP_pae_plddt_trimmed/CombFold/P24279x1_P29469x1_P29496x1_P30665x1_P38132x1_P53091x1_pool_output/assembled_results/output_clustered_0.pdb,78.3857,false,/cluster/project/beltrao/kdammer/master_thesis/data/Pipeline/19_CP_pae_plddt_trimmed/CombFold/P24279x1_P29469x1_P29496x1_P30665x1_P38132x1_P53091x1_pool_output/us_align_plddt_trimmed/output_clustered_0,0.7535,0.813,6.52,5409,4990,4451,0.7165999999999997
CPX-5464,3,P31109x1_P32867x1_Q04359x1,pred_1,3,/cluster/project/beltrao/kdammer/master_thesis/data/Pipeline/18_CP_model_based_on_pae/CombFold/P31109x1_P32867x1_Q04359x1_pool_output/assembled_results/output_clustered_0.pdb,80.0746,true,/cluster/project/beltrao/kdammer/master_thesis/data/Pipeline/19_CP_pae_plddt_trimmed/CombFold/P31109x1_P32867x1_Q04359x1_pool_output/assembled_results/output_clustered_0.pdb,80.5619,false,/cluster/project/beltrao/kdammer/master_thesis/data/Pipeline/19_CP_pae_plddt_trimmed/CombFold/P31109x1_P32867x1_Q04359x1_pool_output/us_align_plddt_trimmed/output_clustered_0,0.7069,0.8156,4.98,804,689,661,0.4872999999999905
CPX-1873,10,P28005x1_P38208x1_P38291x1_P38336x1_P38786x2_P40571x1_P41812x1_P53218x1_P53833x1,pred_1,10,/cluster/project/beltrao/kdammer/master_thesis/data/Pipeline/18_CP_model_based_on_pae/CombFold/P28005x1_P38208x1_P38291x1_P38336x1_P38786x2_P40571x1_P41812x1_P53218x1_P53833x1_pool_output/assembled_results/output_clustered_0.pdb,78.3421,true,/cluster/project/beltrao/kdammer/master_thesis/data/Pipeline/19_CP_pae_plddt_trimmed/CombFold/P28005x1_P38208x1_P38291x1_P38336x1_P38786x2_P40571x1_P41812x1_P53218x1_P53833x1_pool_output/assembled_results/output_clustered_3.pdb,80.8508,false,/cluster/project/beltrao/kdammer/master_thesis/data/Pipeline/19_CP_pae_plddt_trimmed/CombFold/P28005x1_P38208x1_P38291x1_P38336x1_P38786x2_P40571x1_P41812x1_P53218x1_P53833x1_pool_output/us_align_plddt_trimmed/output_clustered_3,0.7939,0.8189,0.02,2683,2601,2130,2.5087000000000046
CPX-3088,5,P34756x1_P42837x1_P43601x1_P53950x1_Q06708x1,pred_1,5,/cluster/project/beltrao/kdammer/master_thesis/data/Pipeline/18_CP_model_based_on_pae/CombFold/P34756x1_P42837x1_P43601x1_P53950x1_Q06708x1_pool_output/assembled_results/output_clustered_0.pdb,68.7942,true,/cluster/project/beltrao/kdammer/master_thesis/data/Pipeline/19_CP_pae_plddt_trimmed/CombFold/P34756x1_P42837x1_P43601x1_P53950x1_Q06708x1_pool_output/assembled_results/output_clustered_0.pdb,70.3904,false,/cluster/project/beltrao/kdammer/master_thesis/data/Pipeline/19_CP_pae_plddt_trimmed/CombFold/P34756x1_P42837x1_P43601x1_P53950x1_Q06708x1_pool_output/us_align_plddt_trimmed/output_clustered_0,0.717,0.8205,6.17,5702,4958,4365,1.596199999999996
CPX-2662,12,P04050x1_P08518x1_P16370x1_P20433x2_P20434x1_P20435x1_P20436x1_P22139x1_P27999x1_P34087x1_P38902x1_P40422x1,pred_3,13,/cluster/project/beltrao/kdammer/master_thesis/data/Pipeline/18_CP_model_based_on_pae/CombFold/P04050x1_P08518x1_P16370x1_P20433x2_P20434x1_P20435x1_P20436x1_P22139x1_P27999x1_P34087x1_P38902x1_P40422x1_pool_output/assembled_results/output_clustered_3.pdb,88.1546,true,/cluster/project/beltrao/kdammer/master_thesis/data/Pipeline/19_CP_pae_plddt_trimmed/CombFold/P04050x1_P08518x1_P16370x1_P20433x2_P20434x1_P20435x1_P20436x1_P22139x1_P27999x1_P34087x1_P38902x1_P40422x1_pool_output/assembled_results/output_clustered_1.pdb,90.3659,false,/cluster/project/beltrao/kdammer/master_thesis/data/Pipeline/19_CP_pae_plddt_trimmed/CombFold/P04050x1_P08518x1_P16370x1_P20433x2_P20434x1_P20435x1_P20436x1_P22139x1_P27999x1_P34087x1_P38902x1_P40422x1_pool_output/us_align_plddt_trimmed/output_clustered_1,0.7705,0.824,1.32,4786,4475,3698,2.2112999999999943
CPX-1275,5,P38875x1_P39012x1_P41733x1_P49018x1_Q04080x1,pred_1,5,/cluster/project/beltrao/kdammer/master_thesis/data/Pipeline/18_CP_model_based_on_pae/CombFold/P38875x1_P39012x1_P41733x1_P49018x1_Q04080x1_pool_output/assembled_results/output_clustered_1.pdb,81.1751,true,/cluster/project/beltrao/kdammer/master_thesis/data/Pipeline/19_CP_pae_plddt_trimmed/CombFold/P38875x1_P39012x1_P41733x1_P49018x1_Q04080x1_pool_output/assembled_results/output_clustered_0.pdb,82.8125,false,/cluster/project/beltrao/kdammer/master_thesis/data/Pipeline/19_CP_pae_plddt_trimmed/CombFold/P38875x1_P39012x1_P41733x1_P49018x1_Q04080x1_pool_output/us_align_plddt_trimmed/output_clustered_0,0.7979,0.8247,4.65,2563,2477,2170,1.6373999999999995
CPX-1890,8,P19658x1_P22224x1_P32844x1_P32855x1_P33332x1_P38261x1_P89102x1_Q06245x1,pred_1,8,/cluster/project/beltrao/kdammer/master_thesis/data/Pipeline/18_CP_model_based_on_pae/CombFold/P19658x1_P22224x1_P32844x1_P32855x1_P33332x1_P38261x1_P89102x1_Q06245x1_pool_output/assembled_results/output_clustered_1.pdb,73.1627,true,/cluster/project/beltrao/kdammer/master_thesis/data/Pipeline/19_CP_pae_plddt_trimmed/CombFold/P19658x1_P22224x1_P32844x1_P32855x1_P33332x1_P38261x1_P89102x1_Q06245x1_pool_output/assembled_results/output_clustered_2.pdb,74.0214,false,/cluster/project/beltrao/kdammer/master_thesis/data/Pipeline/19_CP_pae_plddt_trimmed/CombFold/P19658x1_P22224x1_P32844x1_P32855x1_P33332x1_P38261x1_P89102x1_Q06245x1_pool_output/us_align_plddt_trimmed/output_clustered_2,0.8138,0.8275,1.66,7334,7213,5991,0.8586999999999989
CPX-777,3,P40963x1_Q04003x1_Q99314x2,pred_2,4,/cluster/project/beltrao/kdammer/master_thesis/data/Pipeline/18_CP_model_based_on_pae/CombFold/P40963x1_Q04003x1_Q99314x2_pool_output/assembled_results/output_clustered_1.pdb,75.5813,true,/cluster/project/beltrao/kdammer/master_thesis/data/Pipeline/19_CP_pae_plddt_trimmed/CombFold/P40963x1_Q04003x1_Q99314x2_pool_output/assembled_results/output_clustered_0.pdb,77.5874,false,/cluster/project/beltrao/kdammer/master_thesis/data/Pipeline/19_CP_pae_plddt_trimmed/CombFold/P40963x1_Q04003x1_Q99314x2_pool_output/us_align_plddt_trimmed/output_clustered_0,0.7005,0.8291,5.03,1315,1087,1080,2.0061000000000035
CPX-863,15,P32617x1_P35189x1_P40060x1_P40154x1_P43579x1_P53115x1_P53946x1_P60010x1_P80428x1_Q03435x1_Q03940x6_Q08561x1_Q12345x1_Q12386x1_Q12464x6,true,25,/cluster/project/beltrao/kdammer/master_thesis/data/Pipeline/18_CP_model_based_on_pae/CombFold/P32617x1_P35189x1_P40060x1_P40154x1_P43579x1_P53115x1_P53946x1_P60010x1_P80428x1_Q03435x1_Q03940x6_Q08561x1_Q12345x1_Q12386x1_Q12464x6_pool_output/assembled_results/output_clustered_3.pdb,81.9116,true,/cluster/project/beltrao/kdammer/master_thesis/data/Pipeline/19_CP_pae_plddt_trimmed/CombFold/P32617x1_P35189x1_P40060x1_P40154x1_P43579x1_P53115x1_P53946x1_P60010x1_P80428x1_Q03435x1_Q03940x6_Q08561x1_Q12345x1_Q12386x1_Q12464x6_pool_output/assembled_results/output_clustered_4.pdb,85.0455,false,/cluster/project/beltrao/kdammer/master_thesis/data/Pipeline/19_CP_pae_plddt_trimmed/CombFold/P32617x1_P35189x1_P40060x1_P40154x1_P43579x1_P53115x1_P53946x1_P60010x1_P80428x1_Q03435x1_Q03940x6_Q08561x1_Q12345x1_Q12386x1_Q12464x6_pool_output/us_align_plddt_trimmed/output_clustered_4,0.7827,0.8357,4.33,11709,10958,9360,3.133899999999997
CPX-1315,3,P30771x2_P38798x2_P48412x2,pred_1,6,/cluster/project/beltrao/kdammer/master_thesis/data/Pipeline/18_CP_model_based_on_pae/CombFold/P30771x2_P38798x2_P48412x2_pool_output/assembled_results/output_clustered_0.pdb,73.5541,true,/cluster/project/beltrao/kdammer/master_thesis/data/Pipeline/19_CP_pae_plddt_trimmed/CombFold/P30771x2_P38798x2_P48412x2_pool_output/assembled_results/output_clustered_0.pdb,77.9043,false,/cluster/project/beltrao/kdammer/master_thesis/data/Pipeline/19_CP_pae_plddt_trimmed/CombFold/P30771x2_P38798x2_P48412x2_pool_output/us_align_plddt_trimmed/output_clustered_0,0.7481,0.8384,6.64,4894,4338,4015,4.350200000000001
CPX-539,9,P0CS90x1_P32897x1_P36147x1_P38523x1_P39515x1_P42949x1_Q01852x1_Q02776x1_Q07914x1,pred_1,9,/cluster/project/beltrao/kdammer/master_thesis/data/Pipeline/18_CP_model_based_on_pae/CombFold/P0CS90x1_P32897x1_P36147x1_P38523x1_P39515x1_P42949x1_Q01852x1_Q02776x1_Q07914x1_pool_output/assembled_results/output_clustered_3.pdb,76.6655,true,/cluster/project/beltrao/kdammer/master_thesis/data/Pipeline/19_CP_pae_plddt_trimmed/CombFold/P0CS90x1_P32897x1_P36147x1_P38523x1_P39515x1_P42949x1_Q01852x1_Q02776x1_Q07914x1_pool_output/assembled_results/output_clustered_1.pdb,79.6952,false,/cluster/project/beltrao/kdammer/master_thesis/data/Pipeline/19_CP_pae_plddt_trimmed/CombFold/P0CS90x1_P32897x1_P36147x1_P38523x1_P39515x1_P42949x1_Q01852x1_Q02776x1_Q07914x1_pool_output/us_align_plddt_trimmed/output_clustered_1,0.7346,0.8408,2.82,2683,2340,2017,3.0297000000000054
CPX-473,5,P23644x2_P33448x2_P49334x2_P53507x2_P80967x2,pred_1,10,/cluster/project/beltrao/kdammer/master_thesis/data/Pipeline/18_CP_model_based_on_pae/CombFold/P23644x2_P33448x2_P49334x2_P53507x2_P80967x2_pool_output/assembled_results/output_clustered_1.pdb,80.5153,true,/cluster/project/beltrao/kdammer/master_thesis/data/Pipeline/19_CP_pae_plddt_trimmed/CombFold/P23644x2_P33448x2_P49334x2_P53507x2_P80967x2_pool_output/assembled_results/output_clustered_3.pdb,80.9438,false,/cluster/project/beltrao/kdammer/master_thesis/data/Pipeline/19_CP_pae_plddt_trimmed/CombFold/P23644x2_P33448x2_P49334x2_P53507x2_P80967x2_pool_output/us_align_plddt_trimmed/output_clustered_3,0.7017,0.8416,0.42,1420,1184,997,0.42849999999999966
CPX-231,3,P06782x1_P12904x1_Q04739x1,pred_3,3,/cluster/project/beltrao/kdammer/master_thesis/data/Pipeline/18_CP_model_based_on_pae/CombFold/P06782x1_P12904x1_Q04739x1_pool_output/assembled_results/output_clustered_0.pdb,75.4342,true,/cluster/project/beltrao/kdammer/master_thesis/data/Pipeline/19_CP_pae_plddt_trimmed/CombFold/P06782x1_P12904x1_Q04739x1_pool_output/assembled_results/output_clustered_0.pdb,75.9573,false,/cluster/project/beltrao/kdammer/master_thesis/data/Pipeline/19_CP_pae_plddt_trimmed/CombFold/P06782x1_P12904x1_Q04739x1_pool_output/us_align_plddt_trimmed/output_clustered_0,0.7757,0.8416,4.31,1372,1261,1145,0.5230999999999995
CPX-1676,5,P53104x1_Q06410x2_Q06628x1_Q12092x1_Q12421x1,pred_2,6,/cluster/project/beltrao/kdammer/master_thesis/data/Pipeline/18_CP_model_based_on_pae/CombFold/P53104x1_Q06410x2_Q06628x1_Q12092x1_Q12421x1_pool_output/assembled_results/output_clustered_2.pdb,73.1576,true,/cluster/project/beltrao/kdammer/master_thesis/data/Pipeline/19_CP_pae_plddt_trimmed/CombFold/P53104x1_Q06410x2_Q06628x1_Q12092x1_Q12421x1_pool_output/assembled_results/output_clustered_0.pdb,73.2484,false,/cluster/project/beltrao/kdammer/master_thesis/data/Pipeline/19_CP_pae_plddt_trimmed/CombFold/P53104x1_Q06410x2_Q06628x1_Q12092x1_Q12421x1_pool_output/us_align_plddt_trimmed/output_clustered_0,0.8226,0.8429,6.91,2878,2801,2767,0.09080000000000155
CPX-1814,4,P25638x1_P38768x1_Q03940x3_Q12464x3,pred_1,8,/cluster/project/beltrao/kdammer/master_thesis/data/Pipeline/18_CP_model_based_on_pae/CombFold/P25638x1_P38768x1_Q03940x3_Q12464x3_pool_output/assembled_results/output_clustered_3.pdb,74.2006,true,/cluster/project/beltrao/kdammer/master_thesis/data/Pipeline/19_CP_pae_plddt_trimmed/CombFold/P25638x1_P38768x1_Q03940x3_Q12464x3_pool_output/assembled_results/output_clustered_1.pdb,75.4401,false,/cluster/project/beltrao/kdammer/master_thesis/data/Pipeline/19_CP_pae_plddt_trimmed/CombFold/P25638x1_P38768x1_Q03940x3_Q12464x3_pool_output/us_align_plddt_trimmed/output_clustered_1,0.8078,0.85,2.65,3257,3093,2684,1.2395000000000067
CPX-3231,8,P38164x3_P38742x1_P39923x1_P47170x1_P53011x3_Q03897x1_Q04491x1_Q08281x1,true,12,/cluster/project/beltrao/kdammer/master_thesis/data/Pipeline/18_CP_model_based_on_pae/CombFold/P38164x3_P38742x1_P39923x1_P47170x1_P53011x3_Q03897x1_Q04491x1_Q08281x1_pool_output/assembled_results/output_clustered_1.pdb,73.0991,true,/cluster/project/beltrao/kdammer/master_thesis/data/Pipeline/19_CP_pae_plddt_trimmed/CombFold/P38164x3_P38742x1_P39923x1_P47170x1_P53011x3_Q03897x1_Q04491x1_Q08281x1_pool_output/assembled_results/output_clustered_4.pdb,73.5828,false,/cluster/project/beltrao/kdammer/master_thesis/data/Pipeline/19_CP_pae_plddt_trimmed/CombFold/P38164x3_P38742x1_P39923x1_P47170x1_P53011x3_Q03897x1_Q04491x1_Q08281x1_pool_output/us_align_plddt_trimmed/output_clustered_4,0.8374,0.8574,1.87,10292,10052,8666,0.4836999999999989
CPX-1810,5,P34218x1_P35189x1_P47128x1_Q08465x1_Q12311x1,pred_1,5,/cluster/project/beltrao/kdammer/master_thesis/data/Pipeline/18_CP_model_based_on_pae/CombFold/P34218x1_P35189x1_P47128x1_Q08465x1_Q12311x1_pool_output/assembled_results/output_clustered_1.pdb,65.8376,true,/cluster/project/beltrao/kdammer/master_thesis/data/Pipeline/19_CP_pae_plddt_trimmed/CombFold/P34218x1_P35189x1_P47128x1_Q08465x1_Q12311x1_pool_output/assembled_results/output_clustered_0.pdb,68.9915,false,/cluster/project/beltrao/kdammer/master_thesis/data/Pipeline/19_CP_pae_plddt_trimmed/CombFold/P34218x1_P35189x1_P47128x1_Q08465x1_Q12311x1_pool_output/us_align_plddt_trimmed/output_clustered_0,0.8165,0.8595,4.83,2155,2041,1925,3.1539000000000073
CPX-1830,4,P06774x1_P13434x1_P14064x1_Q02516x1,pred_1,4,/cluster/project/beltrao/kdammer/master_thesis/data/Pipeline/18_CP_model_based_on_pae/CombFold/P06774x1_P13434x1_P14064x1_Q02516x1_pool_output/assembled_results/output_clustered_0.pdb,56.4984,true,/cluster/project/beltrao/kdammer/master_thesis/data/Pipeline/19_CP_pae_plddt_trimmed/CombFold/P06774x1_P13434x1_P14064x1_Q02516x1_pool_output/assembled_results/output_clustered_0.pdb,66.961,false,/cluster/project/beltrao/kdammer/master_thesis/data/Pipeline/19_CP_pae_plddt_trimmed/CombFold/P06774x1_P13434x1_P14064x1_Q02516x1_pool_output/us_align_plddt_trimmed/output_clustered_0,0.7158,0.8603,2.27,1205,1001,880,10.462600000000002
CPX-5423,4,P31109x1_P32854x1_Q03322x1_Q04338x1,pred_1,4,/cluster/project/beltrao/kdammer/master_thesis/data/Pipeline/18_CP_model_based_on_pae/CombFold/P31109x1_P32854x1_Q03322x1_Q04338x1_pool_output/assembled_results/output_clustered_0.pdb,74.0227,true,/cluster/project/beltrao/kdammer/master_thesis/data/Pipeline/19_CP_pae_plddt_trimmed/CombFold/P31109x1_P32854x1_Q03322x1_Q04338x1_pool_output/assembled_results/output_clustered_0.pdb,75.307,false,/cluster/project/beltrao/kdammer/master_thesis/data/Pipeline/19_CP_pae_plddt_trimmed/CombFold/P31109x1_P32854x1_Q03322x1_Q04338x1_pool_output/us_align_plddt_trimmed/output_clustered_0,0.8314,0.8617,1.55,846,816,714,1.2843000000000018
CPX-1229,3,P07261x3_P11938x1_Q01722x5,pred_3,9,/cluster/project/beltrao/kdammer/master_thesis/data/Pipeline/18_CP_model_based_on_pae/CombFold/P07261x3_P11938x1_Q01722x5_pool_output/assembled_results/output_clustered_4.pdb,52.7557,true,/cluster/project/beltrao/kdammer/master_thesis/data/Pipeline/19_CP_pae_plddt_trimmed/CombFold/P07261x3_P11938x1_Q01722x5_pool_output/assembled_results/output_clustered_3.pdb,52.8263,false,/cluster/project/beltrao/kdammer/master_thesis/data/Pipeline/19_CP_pae_plddt_trimmed/CombFold/P07261x3_P11938x1_Q01722x5_pool_output/us_align_plddt_trimmed/output_clustered_3,0.838,0.8626,2.45,5852,5684,4960,0.07060000000000599
CPX-3241,5,P14682x1_P24814x1_P52286x1_Q08273x1_Q12018x1,pred_1,5,/cluster/project/beltrao/kdammer/master_thesis/data/Pipeline/18_CP_model_based_on_pae/CombFold/P14682x1_P24814x1_P52286x1_Q08273x1_Q12018x1_pool_output/assembled_results/output_clustered_0.pdb,71.9766,true,/cluster/project/beltrao/kdammer/master_thesis/data/Pipeline/19_CP_pae_plddt_trimmed/CombFold/P14682x1_P24814x1_P52286x1_Q08273x1_Q12018x1_pool_output/assembled_results/output_clustered_0.pdb,75.1986,false,/cluster/project/beltrao/kdammer/master_thesis/data/Pipeline/19_CP_pae_plddt_trimmed/CombFold/P14682x1_P24814x1_P52286x1_Q08273x1_Q12018x1_pool_output/us_align_plddt_trimmed/output_clustered_0,0.7543,0.8705,5.59,2576,2211,2154,3.221999999999994
CPX-1188,3,P34252x1_P47027x2_P53135x1,pred_3,4,/cluster/project/beltrao/kdammer/master_thesis/data/Pipeline/18_CP_model_based_on_pae/CombFold/P34252x1_P47027x2_P53135x1_pool_output/assembled_results/output_clustered_2.pdb,63.4109,true,/cluster/project/beltrao/kdammer/master_thesis/data/Pipeline/19_CP_pae_plddt_trimmed/CombFold/P34252x1_P47027x2_P53135x1_pool_output/assembled_results/output_clustered_2.pdb,69.039,false,/cluster/project/beltrao/kdammer/master_thesis/data/Pipeline/19_CP_pae_plddt_trimmed/CombFold/P34252x1_P47027x2_P53135x1_pool_output/us_align_plddt_trimmed/output_clustered_2,0.6973,0.8716,3.77,2649,2110,1918,5.628100000000003
CPX-1807,5,P32641x1_P38251x1_P38629x1_P40339x1_P40348x1,pred_1,5,/cluster/project/beltrao/kdammer/master_thesis/data/Pipeline/18_CP_model_based_on_pae/CombFold/P32641x1_P38251x1_P38629x1_P40339x1_P40348x1_pool_output/assembled_results/output_clustered_0.pdb,80.6246,true,/cluster/project/beltrao/kdammer/master_thesis/data/Pipeline/19_CP_pae_plddt_trimmed/CombFold/P32641x1_P38251x1_P38629x1_P40339x1_P40348x1_pool_output/assembled_results/output_clustered_1.pdb,81.0354,false,/cluster/project/beltrao/kdammer/master_thesis/data/Pipeline/19_CP_pae_plddt_trimmed/CombFold/P32641x1_P38251x1_P38629x1_P40339x1_P40348x1_pool_output/us_align_plddt_trimmed/output_clustered_1,0.8122,0.8777,5.23,2029,1868,1832,0.4107999999999947
CPX-1884,3,P53973x1_Q06623x2_Q06629x1,pred_2,4,/cluster/project/beltrao/kdammer/master_thesis/data/Pipeline/18_CP_model_based_on_pae/CombFold/P53973x1_Q06623x2_Q06629x1_pool_output/assembled_results/output_clustered_0.pdb,70.888,true,/cluster/project/beltrao/kdammer/master_thesis/data/Pipeline/19_CP_pae_plddt_trimmed/CombFold/P53973x1_Q06623x2_Q06629x1_pool_output/assembled_results/output_clustered_0.pdb,72.5031,false,/cluster/project/beltrao/kdammer/master_thesis/data/Pipeline/19_CP_pae_plddt_trimmed/CombFold/P53973x1_Q06623x2_Q06629x1_pool_output/us_align_plddt_trimmed/output_clustered_0,0.8508,0.888,5.4,2690,2572,2502,1.6150999999999982
CPX-2122,14,P31376x1_P35817x1_P38326x1_P53201x1_P53930x1_P60010x1_P80428x1_Q03388x1_Q03433x1_Q03940x3_Q05471x1_Q06707x1_Q12464x3_Q12509x1,pred_1,18,/cluster/project/beltrao/kdammer/master_thesis/data/Pipeline/18_CP_model_based_on_pae/CombFold/P31376x1_P35817x1_P38326x1_P53201x1_P53930x1_P60010x1_P80428x1_Q03388x1_Q03433x1_Q03940x3_Q05471x1_Q06707x1_Q12464x3_Q12509x1_pool_output/assembled_results/output_clustered_4.pdb,77.5027,true,/cluster/project/beltrao/kdammer/master_thesis/data/Pipeline/19_CP_pae_plddt_trimmed/CombFold/P31376x1_P35817x1_P38326x1_P53201x1_P53930x1_P60010x1_P80428x1_Q03388x1_Q03433x1_Q03940x3_Q05471x1_Q06707x1_Q12464x3_Q12509x1_pool_output/assembled_results/output_clustered_3.pdb,78.2654,false,/cluster/project/beltrao/kdammer/master_thesis/data/Pipeline/19_CP_pae_plddt_trimmed/CombFold/P31376x1_P35817x1_P38326x1_P53201x1_P53930x1_P60010x1_P80428x1_Q03388x1_Q03433x1_Q03940x3_Q05471x1_Q06707x1_Q12464x3_Q12509x1_pool_output/us_align_plddt_trimmed/output_clustered_3,0.8528,0.889,3.4,9141,8766,7910,0.7626999999999953
CPX-3253,5,P14682x1_P52286x1_Q06479x1_Q08273x1_Q12018x1,pred_1,5,/cluster/project/beltrao/kdammer/master_thesis/data/Pipeline/18_CP_model_based_on_pae/CombFold/P14682x1_P52286x1_Q06479x1_Q08273x1_Q12018x1_pool_output/assembled_results/output_clustered_0.pdb,71.8395,true,/cluster/project/beltrao/kdammer/master_thesis/data/Pipeline/19_CP_pae_plddt_trimmed/CombFold/P14682x1_P52286x1_Q06479x1_Q08273x1_Q12018x1_pool_output/assembled_results/output_clustered_0.pdb,73.9698,false,/cluster/project/beltrao/kdammer/master_thesis/data/Pipeline/19_CP_pae_plddt_trimmed/CombFold/P14682x1_P52286x1_Q06479x1_Q08273x1_Q12018x1_pool_output/us_align_plddt_trimmed/output_clustered_0,0.8309,0.8926,4.92,2232,2066,2058,2.1303000000000054
CPX-3242,5,P14682x1_P52286x1_Q05930x1_Q08273x1_Q12018x1,pred_1,5,/cluster/project/beltrao/kdammer/master_thesis/data/Pipeline/18_CP_model_based_on_pae/CombFold/P14682x1_P52286x1_Q05930x1_Q08273x1_Q12018x1_pool_output/assembled_results/output_clustered_0.pdb,70.7849,true,/cluster/project/beltrao/kdammer/master_thesis/data/Pipeline/19_CP_pae_plddt_trimmed/CombFold/P14682x1_P52286x1_Q05930x1_Q08273x1_Q12018x1_pool_output/assembled_results/output_clustered_0.pdb,75.5268,false,/cluster/project/beltrao/kdammer/master_thesis/data/Pipeline/19_CP_pae_plddt_trimmed/CombFold/P14682x1_P52286x1_Q05930x1_Q08273x1_Q12018x1_pool_output/us_align_plddt_trimmed/output_clustered_0,0.8248,0.895,4.69,2023,1853,1845,4.741900000000001
CPX-1664,14,P07703x1_P10964x1_P20434x1_P20435x1_P20436x1_P22138x1_P22139x1_P28000x1_P32529x1_P40422x1_P46669x1_P47006x1_P50106x1_Q01080x1,pred_1,14,/cluster/project/beltrao/kdammer/master_thesis/data/Pipeline/18_CP_model_based_on_pae/CombFold/P07703x1_P10964x1_P20434x1_P20435x1_P20436x1_P22138x1_P22139x1_P28000x1_P32529x1_P40422x1_P46669x1_P47006x1_P50106x1_Q01080x1_pool_output/assembled_results/output_clustered_1.pdb,86.5867,true,/cluster/project/beltrao/kdammer/master_thesis/data/Pipeline/19_CP_pae_plddt_trimmed/CombFold/P07703x1_P10964x1_P20434x1_P20435x1_P20436x1_P22138x1_P22139x1_P28000x1_P32529x1_P40422x1_P46669x1_P47006x1_P50106x1_Q01080x1_pool_output/assembled_results/output_clustered_3.pdb,86.8221,false,/cluster/project/beltrao/kdammer/master_thesis/data/Pipeline/19_CP_pae_plddt_trimmed/CombFold/P07703x1_P10964x1_P20434x1_P20435x1_P20436x1_P22138x1_P22139x1_P28000x1_P32529x1_P40422x1_P46669x1_P47006x1_P50106x1_Q01080x1_pool_output/us_align_plddt_trimmed/output_clustered_3,0.8737,0.9015,1.99,5236,5074,4599,0.2354000000000127
CPX-1053,15,P29468x1_P32598x1_P35728x1_P36104x1_P39927x1_P42073x1_P42841x1_P45976x1_P53538x1_Q01329x1_Q06102x1_Q06224x1_Q06632x1_Q08553x1_Q12102x1,pred_1,15,/cluster/project/beltrao/kdammer/master_thesis/data/Pipeline/18_CP_model_based_on_pae/CombFold/P29468x1_P32598x1_P35728x1_P36104x1_P39927x1_P42073x1_P42841x1_P45976x1_P53538x1_Q01329x1_Q06102x1_Q06224x1_Q06632x1_Q08553x1_Q12102x1_pool_output/assembled_results/output_clustered_4.pdb,83.1161,true,/cluster/project/beltrao/kdammer/master_thesis/data/Pipeline/19_CP_pae_plddt_trimmed/CombFold/P29468x1_P32598x1_P35728x1_P36104x1_P39927x1_P42073x1_P42841x1_P45976x1_P53538x1_Q01329x1_Q06102x1_Q06224x1_Q06632x1_Q08553x1_Q12102x1_pool_output/assembled_results/output_clustered_2.pdb,83.7878,false,/cluster/project/beltrao/kdammer/master_thesis/data/Pipeline/19_CP_pae_plddt_trimmed/CombFold/P29468x1_P32598x1_P35728x1_P36104x1_P39927x1_P42073x1_P42841x1_P45976x1_P53538x1_Q01329x1_Q06102x1_Q06224x1_Q06632x1_Q08553x1_Q12102x1_pool_output/us_align_plddt_trimmed/output_clustered_2,0.8623,0.9061,3.51,7782,7403,6821,0.6717000000000013
CPX-422,5,P38251x1_P38629x1_P40339x1_P40348x1_Q12050x1,pred_1,5,/cluster/project/beltrao/kdammer/master_thesis/data/Pipeline/18_CP_model_based_on_pae/CombFold/P38251x1_P38629x1_P40339x1_P40348x1_Q12050x1_pool_output/assembled_results/output_clustered_0.pdb,81.0955,true,/cluster/project/beltrao/kdammer/master_thesis/data/Pipeline/19_CP_pae_plddt_trimmed/CombFold/P38251x1_P38629x1_P40339x1_P40348x1_Q12050x1_pool_output/assembled_results/output_clustered_0.pdb,81.0911,false,/cluster/project/beltrao/kdammer/master_thesis/data/Pipeline/19_CP_pae_plddt_trimmed/CombFold/P38251x1_P38629x1_P40339x1_P40348x1_Q12050x1_pool_output/us_align_plddt_trimmed/output_clustered_0,0.8468,0.9157,4.44,2161,1992,1961,-0.004400000000003956
CPX-728,4,P40366x1_P53125x1_Q04603x1_Q08773x1,pred_1,4,/cluster/project/beltrao/kdammer/master_thesis/data/Pipeline/18_CP_model_based_on_pae/CombFold/P40366x1_P53125x1_Q04603x1_Q08773x1_pool_output/assembled_results/output_clustered_0.pdb,76.4711,true,/cluster/project/beltrao/kdammer/master_thesis/data/Pipeline/19_CP_pae_plddt_trimmed/CombFold/P40366x1_P53125x1_Q04603x1_Q08773x1_pool_output/assembled_results/output_clustered_0.pdb,79.8639,false,/cluster/project/beltrao/kdammer/master_thesis/data/Pipeline/19_CP_pae_plddt_trimmed/CombFold/P40366x1_P53125x1_Q04603x1_Q08773x1_pool_output/us_align_plddt_trimmed/output_clustered_0,0.8382,0.9176,2.31,2747,2508,2333,3.392799999999994
CPX-21,3,P22336x2_P26754x1_P26755x1,pred_3,4,/cluster/project/beltrao/kdammer/master_thesis/data/Pipeline/18_CP_model_based_on_pae/CombFold/P22336x2_P26754x1_P26755x1_pool_output/assembled_results/output_clustered_0.pdb,78.0557,true,/cluster/project/beltrao/kdammer/master_thesis/data/Pipeline/19_CP_pae_plddt_trimmed/CombFold/P22336x2_P26754x1_P26755x1_pool_output/assembled_results/output_clustered_2.pdb,78.4111,false,/cluster/project/beltrao/kdammer/master_thesis/data/Pipeline/19_CP_pae_plddt_trimmed/CombFold/P22336x2_P26754x1_P26755x1_pool_output/us_align_plddt_trimmed/output_clustered_2,0.897,0.9194,1.11,1637,1597,1478,0.35540000000000305
CPX-5442,3,P17122x1_P40511x2_P53061x1,pred_3,4,/cluster/project/beltrao/kdammer/master_thesis/data/Pipeline/18_CP_model_based_on_pae/CombFold/P17122x1_P40511x2_P53061x1_pool_output/assembled_results/output_clustered_1.pdb,62.257,true,/cluster/project/beltrao/kdammer/master_thesis/data/Pipeline/19_CP_pae_plddt_trimmed/CombFold/P17122x1_P40511x2_P53061x1_pool_output/assembled_results/output_clustered_1.pdb,62.276,false,/cluster/project/beltrao/kdammer/master_thesis/data/Pipeline/19_CP_pae_plddt_trimmed/CombFold/P17122x1_P40511x2_P53061x1_pool_output/us_align_plddt_trimmed/output_clustered_1,0.9138,0.9274,4.39,2852,2808,2802,0.019000000000005457
CPX-1720,3,P53942x1_Q05635x1_Q12338x1,pred_1,3,/cluster/project/beltrao/kdammer/master_thesis/data/Pipeline/18_CP_model_based_on_pae/CombFold/P53942x1_Q05635x1_Q12338x1_pool_output/assembled_results/output_clustered_0.pdb,67.6524,true,/cluster/project/beltrao/kdammer/master_thesis/data/Pipeline/19_CP_pae_plddt_trimmed/CombFold/P53942x1_Q05635x1_Q12338x1_pool_output/assembled_results/output_clustered_0.pdb,71.0116,false,/cluster/project/beltrao/kdammer/master_thesis/data/Pipeline/19_CP_pae_plddt_trimmed/CombFold/P53942x1_Q05635x1_Q12338x1_pool_output/us_align_plddt_trimmed/output_clustered_0,0.8321,0.928,1.99,767,687,653,3.3592000000000013
CPX-1355,3,P38324x1_P38850x1_Q12098x2,pred_2,4,/cluster/project/beltrao/kdammer/master_thesis/data/Pipeline/18_CP_model_based_on_pae/CombFold/P38324x1_P38850x1_Q12098x2_pool_output/assembled_results/output_clustered_0.pdb,64.6962,true,/cluster/project/beltrao/kdammer/master_thesis/data/Pipeline/19_CP_pae_plddt_trimmed/CombFold/P38324x1_P38850x1_Q12098x2_pool_output/assembled_results/output_clustered_0.pdb,64.7387,false,/cluster/project/beltrao/kdammer/master_thesis/data/Pipeline/19_CP_pae_plddt_trimmed/CombFold/P38324x1_P38850x1_Q12098x2_pool_output/us_align_plddt_trimmed/output_clustered_0,0.8556,0.9298,4.53,2870,2633,2607,0.04249999999998977
CPX-1805,5,P33420x2_P36224x1_P38696x1_Q04549x1_Q07887x1,pred_2,6,/cluster/project/beltrao/kdammer/master_thesis/data/Pipeline/18_CP_model_based_on_pae/CombFold/P33420x2_P36224x1_P38696x1_Q04549x1_Q07887x1_pool_output/assembled_results/output_clustered_0.pdb,68.865,true,/cluster/project/beltrao/kdammer/master_thesis/data/Pipeline/19_CP_pae_plddt_trimmed/CombFold/P33420x2_P36224x1_P38696x1_Q04549x1_Q07887x1_pool_output/assembled_results/output_clustered_1.pdb,70.0354,false,/cluster/project/beltrao/kdammer/master_thesis/data/Pipeline/19_CP_pae_plddt_trimmed/CombFold/P33420x2_P36224x1_P38696x1_Q04549x1_Q07887x1_pool_output/us_align_plddt_trimmed/output_clustered_1,0.9159,0.9309,1.52,2956,2908,2732,1.1704000000000008
CPX-1718,4,P36116x1_P39904x1_P47061x1_Q12071x1,pred_1,4,/cluster/project/beltrao/kdammer/master_thesis/data/Pipeline/18_CP_model_based_on_pae/CombFold/P36116x1_P39904x1_P47061x1_Q12071x1_pool_output/assembled_results/output_clustered_1.pdb,73.7953,true,/cluster/project/beltrao/kdammer/master_thesis/data/Pipeline/19_CP_pae_plddt_trimmed/CombFold/P36116x1_P39904x1_P47061x1_Q12071x1_pool_output/assembled_results/output_clustered_0.pdb,75.8526,false,/cluster/project/beltrao/kdammer/master_thesis/data/Pipeline/19_CP_pae_plddt_trimmed/CombFold/P36116x1_P39904x1_P47061x1_Q12071x1_pool_output/us_align_plddt_trimmed/output_clustered_0,0.8743,0.9309,2.26,2516,2361,2242,2.057299999999998
CPX-532,4,P35181x2_P36000x1_Q00776x1_Q12028x1,pred_2,5,/cluster/project/beltrao/kdammer/master_thesis/data/Pipeline/18_CP_model_based_on_pae/CombFold/P35181x2_P36000x1_Q00776x1_Q12028x1_pool_output/assembled_results/output_clustered_2.pdb,76.085,true,/cluster/project/beltrao/kdammer/master_thesis/data/Pipeline/19_CP_pae_plddt_trimmed/CombFold/P35181x2_P36000x1_Q00776x1_Q12028x1_pool_output/assembled_results/output_clustered_0.pdb,78.6191,false,/cluster/project/beltrao/kdammer/master_thesis/data/Pipeline/19_CP_pae_plddt_trimmed/CombFold/P35181x2_P36000x1_Q00776x1_Q12028x1_pool_output/us_align_plddt_trimmed/output_clustered_0,0.8921,0.931,0.0,2345,2247,2092,2.5341000000000093
CPX-1881,5,P22219x1_P22543x1_P38270x1_Q02948x1_Q05789x1,pred_1,5,/cluster/project/beltrao/kdammer/master_thesis/data/Pipeline/18_CP_model_based_on_pae/CombFold/P22219x1_P22543x1_P38270x1_Q02948x1_Q05789x1_pool_output/assembled_results/output_clustered_3.pdb,75.7796,true,/cluster/project/beltrao/kdammer/master_thesis/data/Pipeline/19_CP_pae_plddt_trimmed/CombFold/P22219x1_P22543x1_P38270x1_Q02948x1_Q05789x1_pool_output/assembled_results/output_clustered_0.pdb,76.645,false,/cluster/project/beltrao/kdammer/master_thesis/data/Pipeline/19_CP_pae_plddt_trimmed/CombFold/P22219x1_P22543x1_P38270x1_Q02948x1_Q05789x1_pool_output/us_align_plddt_trimmed/output_clustered_0,0.9195,0.9335,0.14,3456,3404,3178,0.865399999999994
CPX-1304,3,P19524x1_P25591x1_P39968x1,pred_1,3,/cluster/project/beltrao/kdammer/master_thesis/data/Pipeline/18_CP_model_based_on_pae/CombFold/P19524x1_P25591x1_P39968x1_pool_output/assembled_results/output_clustered_0.pdb,70.2008,true,/cluster/project/beltrao/kdammer/master_thesis/data/Pipeline/19_CP_pae_plddt_trimmed/CombFold/P19524x1_P25591x1_P39968x1_pool_output/assembled_results/output_clustered_0.pdb,72.7395,false,/cluster/project/beltrao/kdammer/master_thesis/data/Pipeline/19_CP_pae_plddt_trimmed/CombFold/P19524x1_P25591x1_P39968x1_pool_output/us_align_plddt_trimmed/output_clustered_0,0.828,0.9359,0.0,2575,2278,2132,2.5387000000000057
CPX-1386,4,P17122x1_P40511x2_P53061x1_Q06032x1,pred_3,5,/cluster/project/beltrao/kdammer/master_thesis/data/Pipeline/18_CP_model_based_on_pae/CombFold/P17122x1_P40511x2_P53061x1_Q06032x1_pool_output/assembled_results/output_clustered_3.pdb,61.2633,true,/cluster/project/beltrao/kdammer/master_thesis/data/Pipeline/19_CP_pae_plddt_trimmed/CombFold/P17122x1_P40511x2_P53061x1_Q06032x1_pool_output/assembled_results/output_clustered_1.pdb,61.5451,false,/cluster/project/beltrao/kdammer/master_thesis/data/Pipeline/19_CP_pae_plddt_trimmed/CombFold/P17122x1_P40511x2_P53061x1_Q06032x1_pool_output/us_align_plddt_trimmed/output_clustered_1,0.8429,0.937,0.61,3334,2999,2812,0.28179999999999694
CPX-545,5,P38251x1_P38629x1_P38630x1_P40339x1_P40348x1,pred_1,5,/cluster/project/beltrao/kdammer/master_thesis/data/Pipeline/18_CP_model_based_on_pae/CombFold/P38251x1_P38629x1_P38630x1_P40339x1_P40348x1_pool_output/assembled_results/output_clustered_1.pdb,80.8477,true,/cluster/project/beltrao/kdammer/master_thesis/data/Pipeline/19_CP_pae_plddt_trimmed/CombFold/P38251x1_P38629x1_P38630x1_P40339x1_P40348x1_pool_output/assembled_results/output_clustered_0.pdb,81.3543,false,/cluster/project/beltrao/kdammer/master_thesis/data/Pipeline/19_CP_pae_plddt_trimmed/CombFold/P38251x1_P38629x1_P38630x1_P40339x1_P40348x1_pool_output/us_align_plddt_trimmed/output_clustered_0,0.8929,0.9379,1.96,2231,2123,2022,0.5065999999999917
CPX-999,3,P32389x1_P40573x2_Q03081x2,pred_2,5,/cluster/project/beltrao/kdammer/master_thesis/data/Pipeline/18_CP_model_based_on_pae/CombFold/P32389x1_P40573x2_Q03081x2_pool_output/assembled_results/output_clustered_1.pdb,56.1838,true,/cluster/project/beltrao/kdammer/master_thesis/data/Pipeline/19_CP_pae_plddt_trimmed/CombFold/P32389x1_P40573x2_Q03081x2_pool_output/assembled_results/output_clustered_1.pdb,60.3353,false,/cluster/project/beltrao/kdammer/master_thesis/data/Pipeline/19_CP_pae_plddt_trimmed/CombFold/P32389x1_P40573x2_Q03081x2_pool_output/us_align_plddt_trimmed/output_clustered_1,0.7998,0.9381,3.23,1400,1187,1183,4.151499999999999
CPX-1652,7,P32074x3_P40509x1_P41810x2_P41811x1_P43621x1_P53600x1_P53622x3,pred_3,12,/cluster/project/beltrao/kdammer/master_thesis/data/Pipeline/18_CP_model_based_on_pae/CombFold/P32074x3_P40509x1_P41810x2_P41811x1_P43621x1_P53600x1_P53622x3_pool_output/assembled_results/output_clustered_0.pdb,77.1381,true,/cluster/project/beltrao/kdammer/master_thesis/data/Pipeline/19_CP_pae_plddt_trimmed/CombFold/P32074x3_P40509x1_P41810x2_P41811x1_P43621x1_P53600x1_P53622x3_pool_output/assembled_results/output_clustered_1.pdb,78.7283,false,/cluster/project/beltrao/kdammer/master_thesis/data/Pipeline/19_CP_pae_plddt_trimmed/CombFold/P32074x3_P40509x1_P41810x2_P41811x1_P43621x1_P53600x1_P53622x3_pool_output/us_align_plddt_trimmed/output_clustered_1,0.9355,0.9462,0.1,10274,10157,9611,1.59020000000001
CPX-609,7,P20424x1_P29478x1_P32342x1_P38687x1_P38688x2_P38985x1,pred_3,7,/cluster/project/beltrao/kdammer/master_thesis/data/Pipeline/18_CP_model_based_on_pae/CombFold/P20424x1_P29478x1_P32342x1_P38687x1_P38688x2_P38985x1_pool_output/assembled_results/output_clustered_0.pdb,70.8087,true,/cluster/project/beltrao/kdammer/master_thesis/data/Pipeline/19_CP_pae_plddt_trimmed/CombFold/P20424x1_P29478x1_P32342x1_P38687x1_P38688x2_P38985x1_pool_output/assembled_results/output_clustered_0.pdb,72.8971,false,/cluster/project/beltrao/kdammer/master_thesis/data/Pipeline/19_CP_pae_plddt_trimmed/CombFold/P20424x1_P29478x1_P32342x1_P38687x1_P38688x2_P38985x1_pool_output/us_align_plddt_trimmed/output_clustered_0,0.8735,0.9491,3.21,3006,2764,2687,2.088399999999993
CPX-1711,3,P38803x1_P38883x2_P53877x2,pred_2,5,/cluster/project/beltrao/kdammer/master_thesis/data/Pipeline/18_CP_model_based_on_pae/CombFold/P38803x1_P38883x2_P53877x2_pool_output/assembled_results/output_clustered_0.pdb,72.0838,true,/cluster/project/beltrao/kdammer/master_thesis/data/Pipeline/19_CP_pae_plddt_trimmed/CombFold/P38803x1_P38883x2_P53877x2_pool_output/assembled_results/output_clustered_0.pdb,73.1883,false,/cluster/project/beltrao/kdammer/master_thesis/data/Pipeline/19_CP_pae_plddt_trimmed/CombFold/P38803x1_P38883x2_P53877x2_pool_output/us_align_plddt_trimmed/output_clustered_0,0.862,0.9564,3.49,2970,2671,2654,1.1045000000000016
CPX-1709,3,P06779x1_P14164x1_P31244x2,pred_2,4,/cluster/project/beltrao/kdammer/master_thesis/data/Pipeline/18_CP_model_based_on_pae/CombFold/P06779x1_P14164x1_P31244x2_pool_output/assembled_results/output_clustered_0.pdb,68.5512,true,/cluster/project/beltrao/kdammer/master_thesis/data/Pipeline/19_CP_pae_plddt_trimmed/CombFold/P06779x1_P14164x1_P31244x2_pool_output/assembled_results/output_clustered_0.pdb,72.4476,false,/cluster/project/beltrao/kdammer/master_thesis/data/Pipeline/19_CP_pae_plddt_trimmed/CombFold/P06779x1_P14164x1_P31244x2_pool_output/us_align_plddt_trimmed/output_clustered_0,0.8493,0.9691,2.87,2876,2514,2514,3.8964
CPX-3255,5,P14682x1_P52286x1_Q08273x1_Q12018x1_Q12347x1,pred_1,5,/cluster/project/beltrao/kdammer/master_thesis/data/Pipeline/18_CP_model_based_on_pae/CombFold/P14682x1_P52286x1_Q08273x1_Q12018x1_Q12347x1_pool_output/assembled_results/output_clustered_0.pdb,74.3987,true,/cluster/project/beltrao/kdammer/master_thesis/data/Pipeline/19_CP_pae_plddt_trimmed/CombFold/P14682x1_P52286x1_Q08273x1_Q12018x1_Q12347x1_pool_output/assembled_results/output_clustered_0.pdb,75.8732,false,/cluster/project/beltrao/kdammer/master_thesis/data/Pipeline/19_CP_pae_plddt_trimmed/CombFold/P14682x1_P52286x1_Q08273x1_Q12018x1_Q12347x1_pool_output/us_align_plddt_trimmed/output_clustered_0,0.891,0.9734,2.38,1769,1617,1617,1.474499999999992
CPX-768,6,P32833x1_P38826x1_P50874x1_P54784x1_P54790x1_P54791x1,pred_1,6,/cluster/project/beltrao/kdammer/master_thesis/data/Pipeline/18_CP_model_based_on_pae/CombFold/P32833x1_P38826x1_P50874x1_P54784x1_P54790x1_P54791x1_pool_output/assembled_results/output_clustered_0.pdb,72.1423,true,/cluster/project/beltrao/kdammer/master_thesis/data/Pipeline/19_CP_pae_plddt_trimmed/CombFold/P32833x1_P38826x1_P50874x1_P54784x1_P54790x1_P54791x1_pool_output/assembled_results/output_clustered_0.pdb,74.5487,false,/cluster/project/beltrao/kdammer/master_thesis/data/Pipeline/19_CP_pae_plddt_trimmed/CombFold/P32833x1_P38826x1_P50874x1_P54784x1_P54790x1_P54791x1_pool_output/us_align_plddt_trimmed/output_clustered_0,0.9152,0.9749,2.96,3593,3370,3364,2.4063999999999908
CPX-7885,7,P25569x1_P40208x1_P40492x1_P40547x1_P53076x1_Q12508x1_Q99296x1,pred_2,7,/cluster/project/beltrao/kdammer/master_thesis/data/Pipeline/18_CP_model_based_on_pae/CombFold/P25569x1_P40208x1_P40492x1_P40547x1_P53076x1_Q12508x1_Q99296x1_pool_output/assembled_results/output_clustered_1.pdb,74.3014,true,/cluster/project/beltrao/kdammer/master_thesis/data/Pipeline/19_CP_pae_plddt_trimmed/CombFold/P25569x1_P40208x1_P40492x1_P40547x1_P53076x1_Q12508x1_Q99296x1_pool_output/assembled_results/output_clustered_1.pdb,74.7689,false,/cluster/project/beltrao/kdammer/master_thesis/data/Pipeline/19_CP_pae_plddt_trimmed/CombFold/P25569x1_P40208x1_P40492x1_P40547x1_P53076x1_Q12508x1_Q99296x1_pool_output/us_align_plddt_trimmed/output_clustered_1,0.9577,0.9751,3.12,4746,4660,4660,0.46750000000000114
CPX-1900,4,P38283x2_P38991x1_P47134x1_Q3E7Y6x1,pred_1,5,/cluster/project/beltrao/kdammer/master_thesis/data/Pipeline/18_CP_model_based_on_pae/CombFold/P38283x2_P38991x1_P47134x1_Q3E7Y6x1_pool_output/assembled_results/output_clustered_0.pdb,58.3201,true,/cluster/project/beltrao/kdammer/master_thesis/data/Pipeline/19_CP_pae_plddt_trimmed/CombFold/P38283x2_P38991x1_P47134x1_Q3E7Y6x1_pool_output/assembled_results/output_clustered_0.pdb,60.15,false,/cluster/project/beltrao/kdammer/master_thesis/data/Pipeline/19_CP_pae_plddt_trimmed/CombFold/P38283x2_P38991x1_P47134x1_Q3E7Y6x1_pool_output/us_align_plddt_trimmed/output_clustered_0,0.9263,0.9752,2.58,2790,2648,2648,1.829900000000002
CPX-1384,3,P46676x5_P53685x1_Q12192x1,pred_1,7,/cluster/project/beltrao/kdammer/master_thesis/data/Pipeline/18_CP_model_based_on_pae/CombFold/P46676x5_P53685x1_Q12192x1_pool_output/assembled_results/output_clustered_2.pdb,68.4315,true,/cluster/project/beltrao/kdammer/master_thesis/data/Pipeline/19_CP_pae_plddt_trimmed/CombFold/P46676x5_P53685x1_Q12192x1_pool_output/assembled_results/output_clustered_2.pdb,71.0203,false,/cluster/project/beltrao/kdammer/master_thesis/data/Pipeline/19_CP_pae_plddt_trimmed/CombFold/P46676x5_P53685x1_Q12192x1_pool_output/us_align_plddt_trimmed/output_clustered_2,0.8917,0.9776,3.09,6123,5577,5577,2.588800000000006
CPX-774,7,P15790x2_P19454x2_P25368x2_P38930x1_P39520x1_P43639x1_P53254x2,pred_2,11,/cluster/project/beltrao/kdammer/master_thesis/data/Pipeline/18_CP_model_based_on_pae/CombFold/P15790x2_P19454x2_P25368x2_P38930x1_P39520x1_P43639x1_P53254x2_pool_output/assembled_results/output_clustered_0.pdb,79.7294,true,/cluster/project/beltrao/kdammer/master_thesis/data/Pipeline/19_CP_pae_plddt_trimmed/CombFold/P15790x2_P19454x2_P25368x2_P38930x1_P39520x1_P43639x1_P53254x2_pool_output/assembled_results/output_clustered_0.pdb,79.9571,false,/cluster/project/beltrao/kdammer/master_thesis/data/Pipeline/19_CP_pae_plddt_trimmed/CombFold/P15790x2_P19454x2_P25368x2_P38930x1_P39520x1_P43639x1_P53254x2_pool_output/us_align_plddt_trimmed/output_clustered_0,0.9364,0.9788,3.03,6111,5843,5828,0.22769999999999868
CPX-3248,3,P53895x1_P53983x1_P54074x2,pred_3,4,/cluster/project/beltrao/kdammer/master_thesis/data/Pipeline/18_CP_model_based_on_pae/CombFold/P53895x1_P53983x1_P54074x2_pool_output/assembled_results/output_clustered_2.pdb,54.4106,true,/cluster/project/beltrao/kdammer/master_thesis/data/Pipeline/19_CP_pae_plddt_trimmed/CombFold/P53895x1_P53983x1_P54074x2_pool_output/assembled_results/output_clustered_0.pdb,59.2789,false,/cluster/project/beltrao/kdammer/master_thesis/data/Pipeline/19_CP_pae_plddt_trimmed/CombFold/P53895x1_P53983x1_P54074x2_pool_output/us_align_plddt_trimmed/output_clustered_0,0.9513,0.9792,2.1,2213,2149,2149,4.868299999999998
CPX-1680,3,P40507x1_P47047x1_P48561x1,pred_1,3,/cluster/project/beltrao/kdammer/master_thesis/data/Pipeline/18_CP_model_based_on_pae/CombFold/P40507x1_P47047x1_P48561x1_pool_output/assembled_results/output_clustered_0.pdb,71.9203,true,/cluster/project/beltrao/kdammer/master_thesis/data/Pipeline/19_CP_pae_plddt_trimmed/CombFold/P40507x1_P47047x1_P48561x1_pool_output/assembled_results/output_clustered_1.pdb,73.9758,false,/cluster/project/beltrao/kdammer/master_thesis/data/Pipeline/19_CP_pae_plddt_trimmed/CombFold/P40507x1_P47047x1_P48561x1_pool_output/us_align_plddt_trimmed/output_clustered_1,0.898,0.9799,1.96,2075,1899,1899,2.055500000000009
CPX-3196,5,P18409x2_P39722x1_P41800x2_P53083x1_Q92328x1,pred_3,7,/cluster/project/beltrao/kdammer/master_thesis/data/Pipeline/18_CP_model_based_on_pae/CombFold/P18409x2_P39722x1_P41800x2_P53083x1_Q92328x1_pool_output/assembled_results/output_clustered_0.pdb,71.3083,true,/cluster/project/beltrao/kdammer/master_thesis/data/Pipeline/19_CP_pae_plddt_trimmed/CombFold/P18409x2_P39722x1_P41800x2_P53083x1_Q92328x1_pool_output/assembled_results/output_clustered_0.pdb,72.1979,false,/cluster/project/beltrao/kdammer/master_thesis/data/Pipeline/19_CP_pae_plddt_trimmed/CombFold/P18409x2_P39722x1_P41800x2_P53083x1_Q92328x1_pool_output/us_align_plddt_trimmed/output_clustered_0,0.939,0.9825,2.2,3230,3085,3085,0.8896000000000015
CPX-2800,3,P06782x1_P12904x1_P34164x1,pred_2,3,/cluster/project/beltrao/kdammer/master_thesis/data/Pipeline/18_CP_model_based_on_pae/CombFold/P06782x1_P12904x1_P34164x1_pool_output/assembled_results/output_clustered_0.pdb,72.5815,true,/cluster/project/beltrao/kdammer/master_thesis/data/Pipeline/19_CP_pae_plddt_trimmed/CombFold/P06782x1_P12904x1_P34164x1_pool_output/assembled_results/output_clustered_1.pdb,72.6311,false,/cluster/project/beltrao/kdammer/master_thesis/data/Pipeline/19_CP_pae_plddt_trimmed/CombFold/P06782x1_P12904x1_P34164x1_pool_output/us_align_plddt_trimmed/output_clustered_1,0.8986,0.9846,1.5,1370,1249,1249,0.04959999999999809
CPX-1071,3,P13099x2_P35187x1_Q02685x1,pred_3,4,/cluster/project/beltrao/kdammer/master_thesis/data/Pipeline/18_CP_model_based_on_pae/CombFold/P13099x2_P35187x1_Q02685x1_pool_output/assembled_results/output_clustered_1.pdb,65.5182,true,/cluster/project/beltrao/kdammer/master_thesis/data/Pipeline/19_CP_pae_plddt_trimmed/CombFold/P13099x2_P35187x1_Q02685x1_pool_output/assembled_results/output_clustered_0.pdb,67.0599,false,/cluster/project/beltrao/kdammer/master_thesis/data/Pipeline/19_CP_pae_plddt_trimmed/CombFold/P13099x2_P35187x1_Q02685x1_pool_output/us_align_plddt_trimmed/output_clustered_0,0.9655,0.9856,1.94,3000,2938,2938,1.5417000000000058
CPX-3249,5,P14682x1_P39014x1_P52286x1_Q08273x1_Q12018x1,pred_1,5,/cluster/project/beltrao/kdammer/master_thesis/data/Pipeline/18_CP_model_based_on_pae/CombFold/P14682x1_P39014x1_P52286x1_Q08273x1_Q12018x1_pool_output/assembled_results/output_clustered_0.pdb,76.0116,true,/cluster/project/beltrao/kdammer/master_thesis/data/Pipeline/19_CP_pae_plddt_trimmed/CombFold/P14682x1_P39014x1_P52286x1_Q08273x1_Q12018x1_pool_output/assembled_results/output_clustered_0.pdb,77.3724,false,/cluster/project/beltrao/kdammer/master_thesis/data/Pipeline/19_CP_pae_plddt_trimmed/CombFold/P14682x1_P39014x1_P52286x1_Q08273x1_Q12018x1_pool_output/us_align_plddt_trimmed/output_clustered_0,0.8764,0.9864,1.72,2065,1833,1833,1.3607999999999976
CPX-3254,5,P14682x1_P38352x1_P52286x1_Q08273x1_Q12018x1,pred_1,5,/cluster/project/beltrao/kdammer/master_thesis/data/Pipeline/18_CP_model_based_on_pae/CombFold/P14682x1_P38352x1_P52286x1_Q08273x1_Q12018x1_pool_output/assembled_results/output_clustered_0.pdb,71.5767,true,/cluster/project/beltrao/kdammer/master_thesis/data/Pipeline/19_CP_pae_plddt_trimmed/CombFold/P14682x1_P38352x1_P52286x1_Q08273x1_Q12018x1_pool_output/assembled_results/output_clustered_0.pdb,72.0595,false,/cluster/project/beltrao/kdammer/master_thesis/data/Pipeline/19_CP_pae_plddt_trimmed/CombFold/P14682x1_P38352x1_P52286x1_Q08273x1_Q12018x1_pool_output/us_align_plddt_trimmed/output_clustered_0,0.9081,0.9864,1.76,2062,1897,1897,0.48279999999999745
CPX-2566,4,P02294x2_P02309x2_P04911x1_P61830x2,pred_3,7,/cluster/project/beltrao/kdammer/master_thesis/data/Pipeline/18_CP_model_based_on_pae/CombFold/P02294x2_P02309x2_P04911x1_P61830x2_pool_output/assembled_results/output_clustered_0.pdb,86.0609,true,/cluster/project/beltrao/kdammer/master_thesis/data/Pipeline/19_CP_pae_plddt_trimmed/CombFold/P02294x2_P02309x2_P04911x1_P61830x2_pool_output/assembled_results/output_clustered_0.pdb,86.4629,false,/cluster/project/beltrao/kdammer/master_thesis/data/Pipeline/19_CP_pae_plddt_trimmed/CombFold/P02294x2_P02309x2_P04911x1_P61830x2_pool_output/us_align_plddt_trimmed/output_clustered_0,0.7634,0.9867,1.07,872,673,673,0.402000000000001
CPX-3243,5,P14682x1_P52286x1_Q04511x1_Q08273x1_Q12018x1,pred_1,5,/cluster/project/beltrao/kdammer/master_thesis/data/Pipeline/18_CP_model_based_on_pae/CombFold/P14682x1_P52286x1_Q04511x1_Q08273x1_Q12018x1_pool_output/assembled_results/output_clustered_0.pdb,74.0096,true,/cluster/project/beltrao/kdammer/master_thesis/data/Pipeline/19_CP_pae_plddt_trimmed/CombFold/P14682x1_P52286x1_Q04511x1_Q08273x1_Q12018x1_pool_output/assembled_results/output_clustered_0.pdb,75.7756,false,/cluster/project/beltrao/kdammer/master_thesis/data/Pipeline/19_CP_pae_plddt_trimmed/CombFold/P14682x1_P52286x1_Q04511x1_Q08273x1_Q12018x1_pool_output/us_align_plddt_trimmed/output_clustered_0,0.9135,0.987,1.72,2093,1936,1936,1.7659999999999911
CPX-1894,6,P40512x1_P47130x1_Q03981x2_Q04368x1_Q12348x1_Q12468x1,pred_3,7,/cluster/project/beltrao/kdammer/master_thesis/data/Pipeline/18_CP_model_based_on_pae/CombFold/P40512x1_P47130x1_Q03981x2_Q04368x1_Q12348x1_Q12468x1_pool_output/assembled_results/output_clustered_3.pdb,68.3767,true,/cluster/project/beltrao/kdammer/master_thesis/data/Pipeline/19_CP_pae_plddt_trimmed/CombFold/P40512x1_P47130x1_Q03981x2_Q04368x1_Q12348x1_Q12468x1_pool_output/assembled_results/output_clustered_0.pdb,69.5913,false,/cluster/project/beltrao/kdammer/master_thesis/data/Pipeline/19_CP_pae_plddt_trimmed/CombFold/P40512x1_P47130x1_Q03981x2_Q04368x1_Q12348x1_Q12468x1_pool_output/us_align_plddt_trimmed/output_clustered_0,0.9419,0.9876,1.72,2571,2451,2451,1.2146000000000043
CPX-430,3,P07260x1_P10081x2_P39935x1,pred_2,4,/cluster/project/beltrao/kdammer/master_thesis/data/Pipeline/18_CP_model_based_on_pae/CombFold/P07260x1_P10081x2_P39935x1_pool_output/assembled_results/output_clustered_0.pdb,68.1542,true,/cluster/project/beltrao/kdammer/master_thesis/data/Pipeline/19_CP_pae_plddt_trimmed/CombFold/P07260x1_P10081x2_P39935x1_pool_output/assembled_results/output_clustered_0.pdb,71.2063,false,/cluster/project/beltrao/kdammer/master_thesis/data/Pipeline/19_CP_pae_plddt_trimmed/CombFold/P07260x1_P10081x2_P39935x1_pool_output/us_align_plddt_trimmed/output_clustered_0,0.8604,0.989,1.37,1955,1699,1699,3.052099999999996
CPX-1276,7,P02829x2_P0CE41x1_P10591x2_P10592x2_P15108x2_P25491x1_P25567x1,pred_1,11,/cluster/project/beltrao/kdammer/master_thesis/data/Pipeline/18_CP_model_based_on_pae/CombFold/P02829x2_P0CE41x1_P10591x2_P10592x2_P15108x2_P25491x1_P25567x1_pool_output/assembled_results/output_clustered_0.pdb,79.9142,true,/cluster/project/beltrao/kdammer/master_thesis/data/Pipeline/19_CP_pae_plddt_trimmed/CombFold/P02829x2_P0CE41x1_P10591x2_P10592x2_P15108x2_P25491x1_P25567x1_pool_output/assembled_results/output_clustered_2.pdb,80.1377,false,/cluster/project/beltrao/kdammer/master_thesis/data/Pipeline/19_CP_pae_plddt_trimmed/CombFold/P02829x2_P0CE41x1_P10591x2_P10592x2_P15108x2_P25491x1_P25567x1_pool_output/us_align_plddt_trimmed/output_clustered_2,0.9271,0.99,2.29,7735,7240,7240,0.22350000000000136
CPX-3172,5,P38247x1_P53290x1_Q00582x1_Q02205x1_Q3E830x1,pred_1,5,/cluster/project/beltrao/kdammer/master_thesis/data/Pipeline/18_CP_model_based_on_pae/CombFold/P38247x1_P53290x1_Q00582x1_Q02205x1_Q3E830x1_pool_output/assembled_results/output_clustered_1.pdb,80.5303,true,/cluster/project/beltrao/kdammer/master_thesis/data/Pipeline/19_CP_pae_plddt_trimmed/CombFold/P38247x1_P53290x1_Q00582x1_Q02205x1_Q3E830x1_pool_output/assembled_results/output_clustered_1.pdb,81.0608,false,/cluster/project/beltrao/kdammer/master_thesis/data/Pipeline/19_CP_pae_plddt_trimmed/CombFold/P38247x1_P53290x1_Q00582x1_Q02205x1_Q3E830x1_pool_output/us_align_plddt_trimmed/output_clustered_1,0.962,0.9905,1.05,1072,1041,1041,0.5305000000000035
CPX-3244,5,P14682x1_P47005x1_P52286x1_Q08273x1_Q12018x2,pred_3,6,/cluster/project/beltrao/kdammer/master_thesis/data/Pipeline/18_CP_model_based_on_pae/CombFold/P14682x1_P47005x1_P52286x1_Q08273x1_Q12018x2_pool_output/assembled_results/output_clustered_0.pdb,75.7861,true,/cluster/project/beltrao/kdammer/master_thesis/data/Pipeline/19_CP_pae_plddt_trimmed/CombFold/P14682x1_P47005x1_P52286x1_Q08273x1_Q12018x2_pool_output/assembled_results/output_clustered_0.pdb,76.8826,false,/cluster/project/beltrao/kdammer/master_thesis/data/Pipeline/19_CP_pae_plddt_trimmed/CombFold/P14682x1_P47005x1_P52286x1_Q08273x1_Q12018x2_pool_output/us_align_plddt_trimmed/output_clustered_0,0.9286,0.9911,1.57,2903,2719,2719,1.0964999999999918
CPX-5462,4,P32854x1_P33328x1_Q03322x1_Q04338x1,pred_1,4,/cluster/project/beltrao/kdammer/master_thesis/data/Pipeline/18_CP_model_based_on_pae/CombFold/P32854x1_P33328x1_Q03322x1_Q04338x1_pool_output/assembled_results/output_clustered_1.pdb,74.8432,true,/cluster/project/beltrao/kdammer/master_thesis/data/Pipeline/19_CP_pae_plddt_trimmed/CombFold/P32854x1_P33328x1_Q03322x1_Q04338x1_pool_output/assembled_results/output_clustered_0.pdb,76.0858,false,/cluster/project/beltrao/kdammer/master_thesis/data/Pipeline/19_CP_pae_plddt_trimmed/CombFold/P32854x1_P33328x1_Q03322x1_Q04338x1_pool_output/us_align_plddt_trimmed/output_clustered_0,0.9399,0.9912,0.91,844,800,800,1.2426000000000101
CPX-940,4,P25604x1_P42939x1_Q02767x1_Q99176x1,pred_1,4,/cluster/project/beltrao/kdammer/master_thesis/data/Pipeline/18_CP_model_based_on_pae/CombFold/P25604x1_P42939x1_Q02767x1_Q99176x1_pool_output/assembled_results/output_clustered_0.pdb,77.9897,true,/cluster/project/beltrao/kdammer/master_thesis/data/Pipeline/19_CP_pae_plddt_trimmed/CombFold/P25604x1_P42939x1_Q02767x1_Q99176x1_pool_output/assembled_results/output_clustered_0.pdb,78.5161,false,/cluster/project/beltrao/kdammer/master_thesis/data/Pipeline/19_CP_pae_plddt_trimmed/CombFold/P25604x1_P42939x1_Q02767x1_Q99176x1_pool_output/us_align_plddt_trimmed/output_clustered_0,0.9348,0.9914,0.94,941,887,887,0.5263999999999953
CPX-1792,5,O13539x1_P17629x1_P33441x1_P53552x1_P53851x1,pred_1,5,/cluster/project/beltrao/kdammer/master_thesis/data/Pipeline/18_CP_model_based_on_pae/CombFold/O13539x1_P17629x1_P33441x1_P53552x1_P53851x1_pool_output/assembled_results/output_clustered_0.pdb,80.5098,true,/cluster/project/beltrao/kdammer/master_thesis/data/Pipeline/19_CP_pae_plddt_trimmed/CombFold/O13539x1_P17629x1_P33441x1_P53552x1_P53851x1_pool_output/assembled_results/output_clustered_0.pdb,81.3475,false,/cluster/project/beltrao/kdammer/master_thesis/data/Pipeline/19_CP_pae_plddt_trimmed/CombFold/O13539x1_P17629x1_P33441x1_P53552x1_P53851x1_pool_output/us_align_plddt_trimmed/output_clustered_0,0.8572,0.9917,1.48,3424,2957,2957,0.8376999999999981
CPX-977,4,P11433x1_P18851x1_P18852x1_P21268x1,pred_1,4,/cluster/project/beltrao/kdammer/master_thesis/data/Pipeline/18_CP_model_based_on_pae/CombFold/P11433x1_P18851x1_P18852x1_P21268x1_pool_output/assembled_results/output_clustered_0.pdb,70.1761,true,/cluster/project/beltrao/kdammer/master_thesis/data/Pipeline/19_CP_pae_plddt_trimmed/CombFold/P11433x1_P18851x1_P18852x1_P21268x1_pool_output/assembled_results/output_clustered_2.pdb,72.6647,false,/cluster/project/beltrao/kdammer/master_thesis/data/Pipeline/19_CP_pae_plddt_trimmed/CombFold/P11433x1_P18851x1_P18852x1_P21268x1_pool_output/us_align_plddt_trimmed/output_clustered_2,0.883,0.9937,1.09,2217,1969,1969,2.488599999999991
CPX-1887,4,P32912x1_P36015x1_Q04338x1_Q12241x1,pred_1,4,/cluster/project/beltrao/kdammer/master_thesis/data/Pipeline/18_CP_model_based_on_pae/CombFold/P32912x1_P36015x1_Q04338x1_Q12241x1_pool_output/assembled_results/output_clustered_0.pdb,72.8455,true,/cluster/project/beltrao/kdammer/master_thesis/data/Pipeline/19_CP_pae_plddt_trimmed/CombFold/P32912x1_P36015x1_Q04338x1_Q12241x1_pool_output/assembled_results/output_clustered_0.pdb,73.2604,false,/cluster/project/beltrao/kdammer/master_thesis/data/Pipeline/19_CP_pae_plddt_trimmed/CombFold/P32912x1_P36015x1_Q04338x1_Q12241x1_pool_output/us_align_plddt_trimmed/output_clustered_0,0.961,0.9942,0.8,1016,982,982,0.41490000000000293
CPX-5304,4,P22214x1_P28791x1_P41834x1_P53146x1,pred_1,4,/cluster/project/beltrao/kdammer/master_thesis/data/Pipeline/18_CP_model_based_on_pae/CombFold/P22214x1_P28791x1_P41834x1_P53146x1_pool_output/assembled_results/output_clustered_0.pdb,74.0022,true,/cluster/project/beltrao/kdammer/master_thesis/data/Pipeline/19_CP_pae_plddt_trimmed/CombFold/P22214x1_P28791x1_P41834x1_P53146x1_pool_output/assembled_results/output_clustered_0.pdb,73.994,false,/cluster/project/beltrao/kdammer/master_thesis/data/Pipeline/19_CP_pae_plddt_trimmed/CombFold/P22214x1_P28791x1_P41834x1_P53146x1_pool_output/us_align_plddt_trimmed/output_clustered_0,0.9835,0.9952,0.8,1188,1174,1174,-0.008200000000002206
CPX-1837,4,P53202x1_P53861x1_Q03071x1_Q08273x1,pred_1,4,/cluster/project/beltrao/kdammer/master_thesis/data/Pipeline/18_CP_model_based_on_pae/CombFold/P53202x1_P53861x1_Q03071x1_Q08273x1_pool_output/assembled_results/output_clustered_0.pdb,80.3724,true,/cluster/project/beltrao/kdammer/master_thesis/data/Pipeline/19_CP_pae_plddt_trimmed/CombFold/P53202x1_P53861x1_Q03071x1_Q08273x1_pool_output/assembled_results/output_clustered_0.pdb,80.2942,false,/cluster/project/beltrao/kdammer/master_thesis/data/Pipeline/19_CP_pae_plddt_trimmed/CombFold/P53202x1_P53861x1_Q03071x1_Q08273x1_pool_output/us_align_plddt_trimmed/output_clustered_0,0.8487,0.9959,0.75,1343,1144,1144,-0.07819999999999538
CPX-1382,3,P23595x1_Q04372x2_Q12461x1,pred_2,4,/cluster/project/beltrao/kdammer/master_thesis/data/Pipeline/18_CP_model_based_on_pae/CombFold/P23595x1_Q04372x2_Q12461x1_pool_output/assembled_results/output_clustered_0.pdb,68.9403,true,/cluster/project/beltrao/kdammer/master_thesis/data/Pipeline/19_CP_pae_plddt_trimmed/CombFold/P23595x1_Q04372x2_Q12461x1_pool_output/assembled_results/output_clustered_0.pdb,70.3751,false,/cluster/project/beltrao/kdammer/master_thesis/data/Pipeline/19_CP_pae_plddt_trimmed/CombFold/P23595x1_Q04372x2_Q12461x1_pool_output/us_align_plddt_trimmed/output_clustered_0,0.9481,0.9963,0.94,1467,1396,1396,1.4348000000000098
CPX-5421,4,P31377x1_P32854x1_P36015x1_Q04338x1,pred_1,4,/cluster/project/beltrao/kdammer/master_thesis/data/Pipeline/18_CP_model_based_on_pae/CombFold/P31377x1_P32854x1_P36015x1_Q04338x1_pool_output/assembled_results/output_clustered_0.pdb,74.0293,true,/cluster/project/beltrao/kdammer/master_thesis/data/Pipeline/19_CP_pae_plddt_trimmed/CombFold/P31377x1_P32854x1_P36015x1_Q04338x1_pool_output/assembled_results/output_clustered_0.pdb,74.3618,false,/cluster/project/beltrao/kdammer/master_thesis/data/Pipeline/19_CP_pae_plddt_trimmed/CombFold/P31377x1_P32854x1_P36015x1_Q04338x1_pool_output/us_align_plddt_trimmed/output_clustered_0,0.9686,0.9965,0.61,960,933,933,0.332499999999996
CPX-15,3,P32797x1_P38960x1_Q07921x1,pred_1,3,/cluster/project/beltrao/kdammer/master_thesis/data/Pipeline/18_CP_model_based_on_pae/CombFold/P32797x1_P38960x1_Q07921x1_pool_output/assembled_results/output_clustered_0.pdb,66.1652,true,/cluster/project/beltrao/kdammer/master_thesis/data/Pipeline/19_CP_pae_plddt_trimmed/CombFold/P32797x1_P38960x1_Q07921x1_pool_output/assembled_results/output_clustered_0.pdb,67.1607,false,/cluster/project/beltrao/kdammer/master_thesis/data/Pipeline/19_CP_pae_plddt_trimmed/CombFold/P32797x1_P38960x1_Q07921x1_pool_output/us_align_plddt_trimmed/output_clustered_0,0.9563,0.9966,0.73,1578,1514,1514,0.9955000000000069
CPX-1898,4,P32504x1_P35203x1_P40969x2_P52286x1,pred_2,5,/cluster/project/beltrao/kdammer/master_thesis/data/Pipeline/18_CP_model_based_on_pae/CombFold/P32504x1_P35203x1_P40969x2_P52286x1_pool_output/assembled_results/output_clustered_0.pdb,77.715,true,/cluster/project/beltrao/kdammer/master_thesis/data/Pipeline/19_CP_pae_plddt_trimmed/CombFold/P32504x1_P35203x1_P40969x2_P52286x1_pool_output/assembled_results/output_clustered_0.pdb,77.7372,false,/cluster/project/beltrao/kdammer/master_thesis/data/Pipeline/19_CP_pae_plddt_trimmed/CombFold/P32504x1_P35203x1_P40969x2_P52286x1_pool_output/us_align_plddt_trimmed/output_clustered_0,0.9893,0.997,0.86,2844,2822,2822,0.022199999999998
CPX-45,7,P38203x1_P40070x1_P40089x1_P47017x1_P53905x1_P57743x1_Q06406x1,pred_1,7,/cluster/project/beltrao/kdammer/master_thesis/data/Pipeline/18_CP_model_based_on_pae/CombFold/P38203x1_P40070x1_P40089x1_P47017x1_P53905x1_P57743x1_Q06406x1_pool_output/assembled_results/output_clustered_0.pdb,83.5582,true,/cluster/project/beltrao/kdammer/master_thesis/data/Pipeline/19_CP_pae_plddt_trimmed/CombFold/P38203x1_P40070x1_P40089x1_P47017x1_P53905x1_P57743x1_Q06406x1_pool_output/assembled_results/output_clustered_0.pdb,84.7636,false,/cluster/project/beltrao/kdammer/master_thesis/data/Pipeline/19_CP_pae_plddt_trimmed/CombFold/P38203x1_P40070x1_P40089x1_P47017x1_P53905x1_P57743x1_Q06406x1_pool_output/us_align_plddt_trimmed/output_clustered_0,0.8235,0.9971,0.51,837,691,691,1.2053999999999974
CPX-1274,6,P32363x1_P46961x1_P53306x1_P53961x1_P62651x1_Q04082x1,pred_1,6,/cluster/project/beltrao/kdammer/master_thesis/data/Pipeline/18_CP_model_based_on_pae/CombFold/P32363x1_P46961x1_P53306x1_P53961x1_P62651x1_Q04082x1_pool_output/assembled_results/output_clustered_0.pdb,78.6503,true,/cluster/project/beltrao/kdammer/master_thesis/data/Pipeline/19_CP_pae_plddt_trimmed/CombFold/P32363x1_P46961x1_P53306x1_P53961x1_P62651x1_Q04082x1_pool_output/assembled_results/output_clustered_1.pdb,78.609,false,/cluster/project/beltrao/kdammer/master_thesis/data/Pipeline/19_CP_pae_plddt_trimmed/CombFold/P32363x1_P46961x1_P53306x1_P53961x1_P62651x1_Q04082x1_pool_output/us_align_plddt_trimmed/output_clustered_1,0.9783,0.9973,0.69,1778,1744,1744,-0.041300000000006776
CPX-5422,4,P32854x1_P36015x1_Q03322x1_Q04338x1,pred_1,4,/cluster/project/beltrao/kdammer/master_thesis/data/Pipeline/18_CP_model_based_on_pae/CombFold/P32854x1_P36015x1_Q03322x1_Q04338x1_pool_output/assembled_results/output_clustered_0.pdb,72.6695,true,/cluster/project/beltrao/kdammer/master_thesis/data/Pipeline/19_CP_pae_plddt_trimmed/CombFold/P32854x1_P36015x1_Q03322x1_Q04338x1_pool_output/assembled_results/output_clustered_0.pdb,73.2853,false,/cluster/project/beltrao/kdammer/master_thesis/data/Pipeline/19_CP_pae_plddt_trimmed/CombFold/P32854x1_P36015x1_Q03322x1_Q04338x1_pool_output/us_align_plddt_trimmed/output_clustered_0,0.9664,0.9975,0.51,929,900,900,0.6158000000000072
CPX-1648,3,P19736x1_P32524x1_Q07350x1,true,3,/cluster/project/beltrao/kdammer/master_thesis/data/Pipeline/18_CP_model_based_on_pae/CombFold/P19736x1_P32524x1_Q07350x1_pool_output/assembled_results/output_clustered_0.pdb,71.5263,true,/cluster/project/beltrao/kdammer/master_thesis/data/Pipeline/19_CP_pae_plddt_trimmed/CombFold/P19736x1_P32524x1_Q07350x1_pool_output/assembled_results/output_clustered_0.pdb,74.9164,false,/cluster/project/beltrao/kdammer/master_thesis/data/Pipeline/19_CP_pae_plddt_trimmed/CombFold/P19736x1_P32524x1_Q07350x1_pool_output/us_align_plddt_trimmed/output_clustered_0,0.9515,0.9978,0.5,1076,1026,1026,3.3900999999999897
CPX-1186,4,P39731x1_P40568x1_P47149x1_Q12143x2,pred_2,5,/cluster/project/beltrao/kdammer/master_thesis/data/Pipeline/18_CP_model_based_on_pae/CombFold/P39731x1_P40568x1_P47149x1_Q12143x2_pool_output/assembled_results/output_clustered_0.pdb,78.5182,true,/cluster/project/beltrao/kdammer/master_thesis/data/Pipeline/19_CP_pae_plddt_trimmed/CombFold/P39731x1_P40568x1_P47149x1_Q12143x2_pool_output/assembled_results/output_clustered_1.pdb,79.0847,false,/cluster/project/beltrao/kdammer/master_thesis/data/Pipeline/19_CP_pae_plddt_trimmed/CombFold/P39731x1_P40568x1_P47149x1_Q12143x2_pool_output/us_align_plddt_trimmed/output_clustered_1,0.9038,0.9983,0.49,1498,1356,1356,0.5665000000000049
CPX-1836,3,P32786x2_P40992x1_Q04712x1,pred_2,4,/cluster/project/beltrao/kdammer/master_thesis/data/Pipeline/18_CP_model_based_on_pae/CombFold/P32786x2_P40992x1_Q04712x1_pool_output/assembled_results/output_clustered_0.pdb,62.9537,true,/cluster/project/beltrao/kdammer/master_thesis/data/Pipeline/19_CP_pae_plddt_trimmed/CombFold/P32786x2_P40992x1_Q04712x1_pool_output/assembled_results/output_clustered_0.pdb,69.8885,false,/cluster/project/beltrao/kdammer/master_thesis/data/Pipeline/19_CP_pae_plddt_trimmed/CombFold/P32786x2_P40992x1_Q04712x1_pool_output/us_align_plddt_trimmed/output_clustered_0,0.7784,0.9986,0.54,2809,2189,2189,6.934799999999996
CPX-1157,5,P38850x1_P47050x1_Q06164x1_Q06211x1_Q08273x1,pred_1,5,/cluster/project/beltrao/kdammer/master_thesis/data/Pipeline/18_CP_model_based_on_pae/CombFold/P38850x1_P47050x1_Q06164x1_Q06211x1_Q08273x1_pool_output/assembled_results/output_clustered_0.pdb,67.4974,true,/cluster/project/beltrao/kdammer/master_thesis/data/Pipeline/19_CP_pae_plddt_trimmed/CombFold/P38850x1_P47050x1_Q06164x1_Q06211x1_Q08273x1_pool_output/assembled_results/output_clustered_0.pdb,69.9005,false,/cluster/project/beltrao/kdammer/master_thesis/data/Pipeline/19_CP_pae_plddt_trimmed/CombFold/P38850x1_P47050x1_Q06164x1_Q06211x1_Q08273x1_pool_output/us_align_plddt_trimmed/output_clustered_0,0.9575,0.9989,0.62,4894,4691,4691,2.403099999999995
CPX-1167,4,P47050x1_P50874x4_Q06211x1_Q08273x1,pred_2,7,/cluster/project/beltrao/kdammer/master_thesis/data/Pipeline/18_CP_model_based_on_pae/CombFold/P47050x1_P50874x4_Q06211x1_Q08273x1_pool_output/assembled_results/output_clustered_0.pdb,65.6581,true,/cluster/project/beltrao/kdammer/master_thesis/data/Pipeline/19_CP_pae_plddt_trimmed/CombFold/P47050x1_P50874x4_Q06211x1_Q08273x1_pool_output/assembled_results/output_clustered_0.pdb,66.8176,false,/cluster/project/beltrao/kdammer/master_thesis/data/Pipeline/19_CP_pae_plddt_trimmed/CombFold/P47050x1_P50874x4_Q06211x1_Q08273x1_pool_output/us_align_plddt_trimmed/output_clustered_0,0.9607,0.9991,0.53,4286,4121,4121,1.1594999999999942
CPX-1882,4,P0CE41x1_P10591x2_P25491x1_P25567x1,pred_3,5,/cluster/project/beltrao/kdammer/master_thesis/data/Pipeline/18_CP_model_based_on_pae/CombFold/P0CE41x1_P10591x2_P25491x1_P25567x1_pool_output/assembled_results/output_clustered_1.pdb,68.7321,true,/cluster/project/beltrao/kdammer/master_thesis/data/Pipeline/19_CP_pae_plddt_trimmed/CombFold/P0CE41x1_P10591x2_P25491x1_P25567x1_pool_output/assembled_results/output_clustered_1.pdb,71.2145,false,/cluster/project/beltrao/kdammer/master_thesis/data/Pipeline/19_CP_pae_plddt_trimmed/CombFold/P0CE41x1_P10591x2_P25491x1_P25567x1_pool_output/us_align_plddt_trimmed/output_clustered_1,0.8786,0.9991,0.49,3629,3191,3191,2.4823999999999984
CPX-1853,4,P25648x2_P38931x1_P39073x1_P47821x1,pred_2,5,/cluster/project/beltrao/kdammer/master_thesis/data/Pipeline/18_CP_model_based_on_pae/CombFold/P25648x2_P38931x1_P39073x1_P47821x1_pool_output/assembled_results/output_clustered_0.pdb,66.6767,true,/cluster/project/beltrao/kdammer/master_thesis/data/Pipeline/19_CP_pae_plddt_trimmed/CombFold/P25648x2_P38931x1_P39073x1_P47821x1_pool_output/assembled_results/output_clustered_0.pdb,70.6067,false,/cluster/project/beltrao/kdammer/master_thesis/data/Pipeline/19_CP_pae_plddt_trimmed/CombFold/P25648x2_P38931x1_P39073x1_P47821x1_pool_output/us_align_plddt_trimmed/output_clustered_0,0.9508,0.9995,0.42,5152,4901,4901,3.930000000000007
CPX-5521,3,P32867x1_P40357x1_Q12255x1,pred_1,3,/cluster/project/beltrao/kdammer/master_thesis/data/Pipeline/18_CP_model_based_on_pae/CombFold/P32867x1_P40357x1_Q12255x1_pool_output/assembled_results/output_clustered_0.pdb,78.1038,true,/cluster/project/beltrao/kdammer/master_thesis/data/Pipeline/19_CP_pae_plddt_trimmed/CombFold/P32867x1_P40357x1_Q12255x1_pool_output/assembled_results/output_clustered_0.pdb,78.0855,false,/cluster/project/beltrao/kdammer/master_thesis/data/Pipeline/19_CP_pae_plddt_trimmed/CombFold/P32867x1_P40357x1_Q12255x1_pool_output/us_align_plddt_trimmed/output_clustered_0,0.9703,0.9996,0.21,1194,1159,1159,-0.01830000000001064
CPX-1895,4,P25298x1_P25299x1_P39081x1_Q08685x1,pred_1,4,/cluster/project/beltrao/kdammer/master_thesis/data/Pipeline/18_CP_model_based_on_pae/CombFold/P25298x1_P25299x1_P39081x1_Q08685x1_pool_output/assembled_results/output_clustered_1.pdb,75.5194,true,/cluster/project/beltrao/kdammer/master_thesis/data/Pipeline/19_CP_pae_plddt_trimmed/CombFold/P25298x1_P25299x1_P39081x1_Q08685x1_pool_output/assembled_results/output_clustered_2.pdb,76.0931,false,/cluster/project/beltrao/kdammer/master_thesis/data/Pipeline/19_CP_pae_plddt_trimmed/CombFold/P25298x1_P25299x1_P39081x1_Q08685x1_pool_output/us_align_plddt_trimmed/output_clustered_2,0.9767,0.9996,0.26,2044,1997,1997,0.5737000000000023
CPX-636,3,P38144x1_Q04213x1_Q12072x1,pred_1,3,/cluster/project/beltrao/kdammer/master_thesis/data/Pipeline/18_CP_model_based_on_pae/CombFold/P38144x1_Q04213x1_Q12072x1_pool_output/assembled_results/output_clustered_0.pdb,70.9438,true,/cluster/project/beltrao/kdammer/master_thesis/data/Pipeline/19_CP_pae_plddt_trimmed/CombFold/P38144x1_Q04213x1_Q12072x1_pool_output/assembled_results/output_clustered_0.pdb,73.3243,false,/cluster/project/beltrao/kdammer/master_thesis/data/Pipeline/19_CP_pae_plddt_trimmed/CombFold/P38144x1_Q04213x1_Q12072x1_pool_output/us_align_plddt_trimmed/output_clustered_0,0.9202,0.9996,0.27,2416,2224,2224,2.380499999999998
CPX-2110,4,P21951x1_P24482x1_P27344x1_Q04603x1,pred_1,4,/cluster/project/beltrao/kdammer/master_thesis/data/Pipeline/18_CP_model_based_on_pae/CombFold/P21951x1_P24482x1_P27344x1_Q04603x1_pool_output/assembled_results/output_clustered_0.pdb,76.3397,true,/cluster/project/beltrao/kdammer/master_thesis/data/Pipeline/19_CP_pae_plddt_trimmed/CombFold/P21951x1_P24482x1_P27344x1_Q04603x1_pool_output/assembled_results/output_clustered_0.pdb,77.5099,false,/cluster/project/beltrao/kdammer/master_thesis/data/Pipeline/19_CP_pae_plddt_trimmed/CombFold/P21951x1_P24482x1_P27344x1_Q04603x1_pool_output/us_align_plddt_trimmed/output_clustered_0,0.9432,0.9997,0.27,3308,3121,3121,1.1702000000000083
CPX-5401,4,P32912x1_Q04338x1_Q12241x1_Q12255x1,pred_1,4,/cluster/project/beltrao/kdammer/master_thesis/data/Pipeline/18_CP_model_based_on_pae/CombFold/P32912x1_Q04338x1_Q12241x1_Q12255x1_pool_output/assembled_results/output_clustered_0.pdb,78.6532,true,/cluster/project/beltrao/kdammer/master_thesis/data/Pipeline/19_CP_pae_plddt_trimmed/CombFold/P32912x1_Q04338x1_Q12241x1_Q12255x1_pool_output/assembled_results/output_clustered_0.pdb,78.6172,false,/cluster/project/beltrao/kdammer/master_thesis/data/Pipeline/19_CP_pae_plddt_trimmed/CombFold/P32912x1_Q04338x1_Q12241x1_Q12255x1_pool_output/us_align_plddt_trimmed/output_clustered_0,0.9716,0.9997,0.2,1069,1039,1039,-0.036000000000001364
CPX-1501,3,P06787x1_P32492x1_P53141x1,pred_1,3,/cluster/project/beltrao/kdammer/master_thesis/data/Pipeline/18_CP_model_based_on_pae/CombFold/P06787x1_P32492x1_P53141x1_pool_output/assembled_results/output_clustered_0.pdb,77.7737,true,/cluster/project/beltrao/kdammer/master_thesis/data/Pipeline/19_CP_pae_plddt_trimmed/CombFold/P06787x1_P32492x1_P53141x1_pool_output/assembled_results/output_clustered_0.pdb,77.7738,false,/cluster/project/beltrao/kdammer/master_thesis/data/Pipeline/19_CP_pae_plddt_trimmed/CombFold/P06787x1_P32492x1_P53141x1_pool_output/us_align_plddt_trimmed/output_clustered_0,0.9754,0.9997,0.21,1767,1724,1724,0.0000999999999891088
CPX-1903,3,P32800x1_Q04370x1_Q05568x2,pred_2,4,/cluster/project/beltrao/kdammer/master_thesis/data/Pipeline/18_CP_model_based_on_pae/CombFold/P32800x1_Q04370x1_Q05568x2_pool_output/assembled_results/output_clustered_0.pdb,69.7799,true,/cluster/project/beltrao/kdammer/master_thesis/data/Pipeline/19_CP_pae_plddt_trimmed/CombFold/P32800x1_Q04370x1_Q05568x2_pool_output/assembled_results/output_clustered_0.pdb,70.1427,false,/cluster/project/beltrao/kdammer/master_thesis/data/Pipeline/19_CP_pae_plddt_trimmed/CombFold/P32800x1_Q04370x1_Q05568x2_pool_output/us_align_plddt_trimmed/output_clustered_0,0.9752,0.9997,0.19,1344,1311,1311,0.3628000000000071
CPX-1855,4,P36015x1_P38736x1_P43682x1_Q01590x1,pred_1,4,/cluster/project/beltrao/kdammer/master_thesis/data/Pipeline/18_CP_model_based_on_pae/CombFold/P36015x1_P38736x1_P43682x1_Q01590x1_pool_output/assembled_results/output_clustered_3.pdb,74.734,true,/cluster/project/beltrao/kdammer/master_thesis/data/Pipeline/19_CP_pae_plddt_trimmed/CombFold/P36015x1_P38736x1_P43682x1_Q01590x1_pool_output/assembled_results/output_clustered_3.pdb,74.7309,false,/cluster/project/beltrao/kdammer/master_thesis/data/Pipeline/19_CP_pae_plddt_trimmed/CombFold/P36015x1_P38736x1_P43682x1_Q01590x1_pool_output/us_align_plddt_trimmed/output_clustered_3,0.9847,0.9998,0.14,860,847,847,-0.0030999999999892225
CPX-1372,3,P32561x2_P53127x1_Q03214x1,pred_2,4,/cluster/project/beltrao/kdammer/master_thesis/data/Pipeline/18_CP_model_based_on_pae/CombFold/P32561x2_P53127x1_Q03214x1_pool_output/assembled_results/output_clustered_0.pdb,79.6656,true,/cluster/project/beltrao/kdammer/master_thesis/data/Pipeline/19_CP_pae_plddt_trimmed/CombFold/P32561x2_P53127x1_Q03214x1_pool_output/assembled_results/output_clustered_0.pdb,81.3782,false,/cluster/project/beltrao/kdammer/master_thesis/data/Pipeline/19_CP_pae_plddt_trimmed/CombFold/P32561x2_P53127x1_Q03214x1_pool_output/us_align_plddt_trimmed/output_clustered_0,0.9631,0.9998,0.25,3680,3545,3545,1.712600000000009
CPX-1639,8,P33767x1_P39007x1_P41543x1_P46964x1_P48439x1_Q02795x1_Q92316x1_Q99380x1,pred_1,8,/cluster/project/beltrao/kdammer/master_thesis/data/Pipeline/18_CP_model_based_on_pae/CombFold/P33767x1_P39007x1_P41543x1_P46964x1_P48439x1_Q02795x1_Q92316x1_Q99380x1_pool_output/assembled_results/output_clustered_0.pdb,85.2072,true,/cluster/project/beltrao/kdammer/master_thesis/data/Pipeline/19_CP_pae_plddt_trimmed/CombFold/P33767x1_P39007x1_P41543x1_P46964x1_P48439x1_Q02795x1_Q92316x1_Q99380x1_pool_output/assembled_results/output_clustered_0.pdb,85.8561,false,/cluster/project/beltrao/kdammer/master_thesis/data/Pipeline/19_CP_pae_plddt_trimmed/CombFold/P33767x1_P39007x1_P41543x1_P46964x1_P48439x1_Q02795x1_Q92316x1_Q99380x1_pool_output/us_align_plddt_trimmed/output_clustered_0,0.9564,0.9998,0.22,2512,2403,2403,0.6488999999999976
CPX-1363,3,P06777x1_P06838x1_P39735x1,pred_1,3,/cluster/project/beltrao/kdammer/master_thesis/data/Pipeline/18_CP_model_based_on_pae/CombFold/P06777x1_P06838x1_P39735x1_pool_output/assembled_results/output_clustered_0.pdb,74.9616,true,/cluster/project/beltrao/kdammer/master_thesis/data/Pipeline/19_CP_pae_plddt_trimmed/CombFold/P06777x1_P06838x1_P39735x1_pool_output/assembled_results/output_clustered_0.pdb,75.0068,false,/cluster/project/beltrao/kdammer/master_thesis/data/Pipeline/19_CP_pae_plddt_trimmed/CombFold/P06777x1_P06838x1_P39735x1_pool_output/us_align_plddt_trimmed/output_clustered_0,0.9604,0.9998,0.17,1571,1509,1509,0.045199999999994134
CPX-3503,3,P53141x2_Q05080x2_Q12280x1,pred_2,5,/cluster/project/beltrao/kdammer/master_thesis/data/Pipeline/18_CP_model_based_on_pae/CombFold/P53141x2_Q05080x2_Q12280x1_pool_output/assembled_results/output_clustered_0.pdb,75.834,true,/cluster/project/beltrao/kdammer/master_thesis/data/Pipeline/19_CP_pae_plddt_trimmed/CombFold/P53141x2_Q05080x2_Q12280x1_pool_output/assembled_results/output_clustered_0.pdb,76.3193,false,/cluster/project/beltrao/kdammer/master_thesis/data/Pipeline/19_CP_pae_plddt_trimmed/CombFold/P53141x2_Q05080x2_Q12280x1_pool_output/us_align_plddt_trimmed/output_clustered_0,0.9902,0.9998,0.25,3131,3101,3101,0.4852999999999952
CPX-1638,8,P33767x1_P39007x1_P41543x1_P46964x1_Q02795x1_Q03723x1_Q92316x1_Q99380x1,pred_1,8,/cluster/project/beltrao/kdammer/master_thesis/data/Pipeline/18_CP_model_based_on_pae/CombFold/P33767x1_P39007x1_P41543x1_P46964x1_Q02795x1_Q03723x1_Q92316x1_Q99380x1_pool_output/assembled_results/output_clustered_0.pdb,85.2425,true,/cluster/project/beltrao/kdammer/master_thesis/data/Pipeline/19_CP_pae_plddt_trimmed/CombFold/P33767x1_P39007x1_P41543x1_P46964x1_Q02795x1_Q03723x1_Q92316x1_Q99380x1_pool_output/assembled_results/output_clustered_0.pdb,85.8962,false,/cluster/project/beltrao/kdammer/master_thesis/data/Pipeline/19_CP_pae_plddt_trimmed/CombFold/P33767x1_P39007x1_P41543x1_P46964x1_Q02795x1_Q03723x1_Q92316x1_Q99380x1_pool_output/us_align_plddt_trimmed/output_clustered_0,0.9529,0.9998,0.2,2494,2377,2377,0.6536999999999864
CPX-1832,4,P16658x1_P39707x1_Q02825x1_Q04675x1,pred_1,4,/cluster/project/beltrao/kdammer/master_thesis/data/Pipeline/18_CP_model_based_on_pae/CombFold/P16658x1_P39707x1_Q02825x1_Q04675x1_pool_output/assembled_results/output_clustered_0.pdb,78.8635,true,/cluster/project/beltrao/kdammer/master_thesis/data/Pipeline/19_CP_pae_plddt_trimmed/CombFold/P16658x1_P39707x1_Q02825x1_Q04675x1_pool_output/assembled_results/output_clustered_0.pdb,79.197,false,/cluster/project/beltrao/kdammer/master_thesis/data/Pipeline/19_CP_pae_plddt_trimmed/CombFold/P16658x1_P39707x1_Q02825x1_Q04675x1_pool_output/us_align_plddt_trimmed/output_clustered_0,0.963,0.9999,0.13,1247,1201,1201,0.3335000000000008
CPX-784,3,P40046x3_P47075x1_Q02725x1,pred_1,5,/cluster/project/beltrao/kdammer/master_thesis/data/Pipeline/18_CP_model_based_on_pae/CombFold/P40046x3_P47075x1_Q02725x1_pool_output/assembled_results/output_clustered_0.pdb,69.0417,true,/cluster/project/beltrao/kdammer/master_thesis/data/Pipeline/19_CP_pae_plddt_trimmed/CombFold/P40046x3_P47075x1_Q02725x1_pool_output/assembled_results/output_clustered_0.pdb,72.9127,false,/cluster/project/beltrao/kdammer/master_thesis/data/Pipeline/19_CP_pae_plddt_trimmed/CombFold/P40046x3_P47075x1_Q02725x1_pool_output/us_align_plddt_trimmed/output_clustered_0,0.9845,0.9999,0.13,1943,1913,1913,3.870999999999995
CPX-1323,3,P25694x5_P32628x1_P54860x1,pred_1,7,/cluster/project/beltrao/kdammer/master_thesis/data/Pipeline/18_CP_model_based_on_pae/CombFold/P25694x5_P32628x1_P54860x1_pool_output/assembled_results/output_clustered_0.pdb,71.1856,true,/cluster/project/beltrao/kdammer/master_thesis/data/Pipeline/19_CP_pae_plddt_trimmed/CombFold/P25694x5_P32628x1_P54860x1_pool_output/assembled_results/output_clustered_0.pdb,71.1914,false,/cluster/project/beltrao/kdammer/master_thesis/data/Pipeline/19_CP_pae_plddt_trimmed/CombFold/P25694x5_P32628x1_P54860x1_pool_output/us_align_plddt_trimmed/output_clustered_0,0.9932,0.9999,0.18,5534,5497,5497,0.005800000000007799
CPX-1706,3,P28496x2_P38703x2_Q03579x2,pred_3,6,/cluster/project/beltrao/kdammer/master_thesis/data/Pipeline/18_CP_model_based_on_pae/CombFold/P28496x2_P38703x2_Q03579x2_pool_output/assembled_results/output_clustered_0.pdb,77.1937,true,/cluster/project/beltrao/kdammer/master_thesis/data/Pipeline/19_CP_pae_plddt_trimmed/CombFold/P28496x2_P38703x2_Q03579x2_pool_output/assembled_results/output_clustered_0.pdb,79.7635,false,/cluster/project/beltrao/kdammer/master_thesis/data/Pipeline/19_CP_pae_plddt_trimmed/CombFold/P28496x2_P38703x2_Q03579x2_pool_output/us_align_plddt_trimmed/output_clustered_0,0.8855,0.9999,0.14,1958,1734,1734,2.5697999999999865
CPX-44,7,P38203x1_P40070x1_P40089x1_P47093x1_P53905x1_P57743x1_Q06406x1,pred_1,7,/cluster/project/beltrao/kdammer/master_thesis/data/Pipeline/18_CP_model_based_on_pae/CombFold/P38203x1_P40070x1_P40089x1_P47093x1_P53905x1_P57743x1_Q06406x1_pool_output/assembled_results/output_clustered_0.pdb,83.6317,true,/cluster/project/beltrao/kdammer/master_thesis/data/Pipeline/19_CP_pae_plddt_trimmed/CombFold/P38203x1_P40070x1_P40089x1_P47093x1_P53905x1_P57743x1_Q06406x1_pool_output/assembled_results/output_clustered_0.pdb,84.1208,false,/cluster/project/beltrao/kdammer/master_thesis/data/Pipeline/19_CP_pae_plddt_trimmed/CombFold/P38203x1_P40070x1_P40089x1_P47093x1_P53905x1_P57743x1_Q06406x1_pool_output/us_align_plddt_trimmed/output_clustered_0,0.8243,0.9999,0.06,774,638,638,0.48910000000000764
CPX-5461,4,P31377x1_P32854x1_P33328x1_Q04338x1,pred_1,4,/cluster/project/beltrao/kdammer/master_thesis/data/Pipeline/18_CP_model_based_on_pae/CombFold/P31377x1_P32854x1_P33328x1_Q04338x1_pool_output/assembled_results/output_clustered_0.pdb,76.4165,true,/cluster/project/beltrao/kdammer/master_thesis/data/Pipeline/19_CP_pae_plddt_trimmed/CombFold/P31377x1_P32854x1_P33328x1_Q04338x1_pool_output/assembled_results/output_clustered_0.pdb,76.7088,false,/cluster/project/beltrao/kdammer/master_thesis/data/Pipeline/19_CP_pae_plddt_trimmed/CombFold/P31377x1_P32854x1_P33328x1_Q04338x1_pool_output/us_align_plddt_trimmed/output_clustered_0,0.9531,0.9999,0.09,875,834,834,0.29229999999999734
CPX-2723,3,P47158x1_Q07821x1_Q12425x1,pred_1,3,/cluster/project/beltrao/kdammer/master_thesis/data/Pipeline/18_CP_model_based_on_pae/CombFold/P47158x1_Q07821x1_Q12425x1_pool_output/assembled_results/output_clustered_0.pdb,68.9229,true,/cluster/project/beltrao/kdammer/master_thesis/data/Pipeline/19_CP_pae_plddt_trimmed/CombFold/P47158x1_Q07821x1_Q12425x1_pool_output/assembled_results/output_clustered_0.pdb,69.0222,false,/cluster/project/beltrao/kdammer/master_thesis/data/Pipeline/19_CP_pae_plddt_trimmed/CombFold/P47158x1_Q07821x1_Q12425x1_pool_output/us_align_plddt_trimmed/output_clustered_0,0.81,0.9999,0.09,932,755,755,0.0992999999999995
CPX-1677,4,P22219x1_P22543x1_Q02948x1_Q05919x1,pred_1,4,/cluster/project/beltrao/kdammer/master_thesis/data/Pipeline/18_CP_model_based_on_pae/CombFold/P22219x1_P22543x1_Q02948x1_Q05919x1_pool_output/assembled_results/output_clustered_0.pdb,76.8755,true,/cluster/project/beltrao/kdammer/master_thesis/data/Pipeline/19_CP_pae_plddt_trimmed/CombFold/P22219x1_P22543x1_Q02948x1_Q05919x1_pool_output/assembled_results/output_clustered_0.pdb,76.8615,false,/cluster/project/beltrao/kdammer/master_thesis/data/Pipeline/19_CP_pae_plddt_trimmed/CombFold/P22219x1_P22543x1_Q02948x1_Q05919x1_pool_output/us_align_plddt_trimmed/output_clustered_0,0.9888,0.9999,0.18,3325,3288,3288,-0.013999999999995794
CPX-535,4,P38153x1_P46682x1_P47064x1_Q08951x1,pred_1,4,/cluster/project/beltrao/kdammer/master_thesis/data/Pipeline/18_CP_model_based_on_pae/CombFold/P38153x1_P46682x1_P47064x1_Q08951x1_pool_output/assembled_results/output_clustered_0.pdb,69.9773,true,/cluster/project/beltrao/kdammer/master_thesis/data/Pipeline/19_CP_pae_plddt_trimmed/CombFold/P38153x1_P46682x1_P47064x1_Q08951x1_pool_output/assembled_results/output_clustered_0.pdb,72.1139,false,/cluster/project/beltrao/kdammer/master_thesis/data/Pipeline/19_CP_pae_plddt_trimmed/CombFold/P38153x1_P46682x1_P47064x1_Q08951x1_pool_output/us_align_plddt_trimmed/output_clustered_0,0.9474,0.9999,0.13,2418,2291,2291,2.1366000000000014
CPX-565,4,P21801x1_P33421x1_P37298x1_Q00711x1,pred_1,4,/cluster/project/beltrao/kdammer/master_thesis/data/Pipeline/18_CP_model_based_on_pae/CombFold/P21801x1_P33421x1_P37298x1_Q00711x1_pool_output/assembled_results/output_clustered_0.pdb,84.533,true,/cluster/project/beltrao/kdammer/master_thesis/data/Pipeline/19_CP_pae_plddt_trimmed/CombFold/P21801x1_P33421x1_P37298x1_Q00711x1_pool_output/assembled_results/output_clustered_0.pdb,87.5887,false,/cluster/project/beltrao/kdammer/master_thesis/data/Pipeline/19_CP_pae_plddt_trimmed/CombFold/P21801x1_P33421x1_P37298x1_Q00711x1_pool_output/us_align_plddt_trimmed/output_clustered_0,0.8903,1.0,0.02,1285,1144,1144,3.0557000000000016
CPX-1091,4,P14284x1_P38927x1_P46957x1_P47110x1,pred_2,4,/cluster/project/beltrao/kdammer/master_thesis/data/Pipeline/18_CP_model_based_on_pae/CombFold/P14284x1_P38927x1_P46957x1_P47110x1_pool_output/assembled_results/output_clustered_0.pdb,69.1071,true,/cluster/project/beltrao/kdammer/master_thesis/data/Pipeline/19_CP_pae_plddt_trimmed/CombFold/P14284x1_P38927x1_P46957x1_P47110x1_pool_output/assembled_results/output_clustered_0.pdb,70.0709,false,/cluster/project/beltrao/kdammer/master_thesis/data/Pipeline/19_CP_pae_plddt_trimmed/CombFold/P14284x1_P38927x1_P46957x1_P47110x1_pool_output/us_align_plddt_trimmed/output_clustered_0,0.9667,1.0,0.01,2586,2500,2500,0.963799999999992
CPX-2937,3,P06104x1_Q03162x1_Q07963x1,pred_1,3,/cluster/project/beltrao/kdammer/master_thesis/data/Pipeline/18_CP_model_based_on_pae/CombFold/P06104x1_Q03162x1_Q07963x1_pool_output/assembled_results/output_clustered_0.pdb,75.887,true,/cluster/project/beltrao/kdammer/master_thesis/data/Pipeline/19_CP_pae_plddt_trimmed/CombFold/P06104x1_Q03162x1_Q07963x1_pool_output/assembled_results/output_clustered_0.pdb,78.8441,false,/cluster/project/beltrao/kdammer/master_thesis/data/Pipeline/19_CP_pae_plddt_trimmed/CombFold/P06104x1_Q03162x1_Q07963x1_pool_output/us_align_plddt_trimmed/output_clustered_0,0.9685,1.0,0.05,2664,2580,2580,2.957099999999997
CPX-1671,6,P40005x1_P46988x1_P48363x1_P52553x1_P53900x1_Q04493x1,pred_1,6,/cluster/project/beltrao/kdammer/master_thesis/data/Pipeline/18_CP_model_based_on_pae/CombFold/P40005x1_P46988x1_P48363x1_P52553x1_P53900x1_Q04493x1_pool_output/assembled_results/output_clustered_0.pdb,81.993,true,/cluster/project/beltrao/kdammer/master_thesis/data/Pipeline/19_CP_pae_plddt_trimmed/CombFold/P40005x1_P46988x1_P48363x1_P52553x1_P53900x1_Q04493x1_pool_output/assembled_results/output_clustered_0.pdb,82.5976,false,/cluster/project/beltrao/kdammer/master_thesis/data/Pipeline/19_CP_pae_plddt_trimmed/CombFold/P40005x1_P46988x1_P48363x1_P52553x1_P53900x1_Q04493x1_pool_output/us_align_plddt_trimmed/output_clustered_0,0.983,1.0,0.0,825,811,811,0.6046000000000049
CPX-573,3,P05986x2_P06244x2_P07278x1,pred_1,5,/cluster/project/beltrao/kdammer/master_thesis/data/Pipeline/18_CP_model_based_on_pae/CombFold/P05986x2_P06244x2_P07278x1_pool_output/assembled_results/output_clustered_0.pdb,79.9838,true,/cluster/project/beltrao/kdammer/master_thesis/data/Pipeline/19_CP_pae_plddt_trimmed/CombFold/P05986x2_P06244x2_P07278x1_pool_output/assembled_results/output_clustered_0.pdb,79.9514,false,/cluster/project/beltrao/kdammer/master_thesis/data/Pipeline/19_CP_pae_plddt_trimmed/CombFold/P05986x2_P06244x2_P07278x1_pool_output/us_align_plddt_trimmed/output_clustered_0,0.9362,1.0,0.0,2006,1878,1878,-0.032399999999995543
CPX-24,9,P38203x1_P40070x1_P40089x1_P47093x1_P49960x1_P53905x1_P57743x1_Q06406x1,pred_1,8,/cluster/project/beltrao/kdammer/master_thesis/data/Pipeline/18_CP_model_based_on_pae/CombFold/P38203x1_P40070x1_P40089x1_P47093x1_P49960x1_P53905x1_P57743x1_Q06406x1_pool_output/assembled_results/output_clustered_0.pdb,83.9056,true,/cluster/project/beltrao/kdammer/master_thesis/data/Pipeline/19_CP_pae_plddt_trimmed/CombFold/P38203x1_P40070x1_P40089x1_P47093x1_P49960x1_P53905x1_P57743x1_Q06406x1_pool_output/assembled_results/output_clustered_0.pdb,84.3753,false,/cluster/project/beltrao/kdammer/master_thesis/data/Pipeline/19_CP_pae_plddt_trimmed/CombFold/P38203x1_P40070x1_P40089x1_P47093x1_P49960x1_P53905x1_P57743x1_Q06406x1_pool_output/us_align_plddt_trimmed/output_clustered_0,0.8653,1.0,0.05,1218,1054,1054,0.4696999999999889
CPX-1710,3,P46962x1_P46963x1_Q03957x1,pred_1,3,/cluster/project/beltrao/kdammer/master_thesis/data/Pipeline/18_CP_model_based_on_pae/CombFold/P46962x1_P46963x1_Q03957x1_pool_output/assembled_results/output_clustered_0.pdb,76.1061,true,/cluster/project/beltrao/kdammer/master_thesis/data/Pipeline/19_CP_pae_plddt_trimmed/CombFold/P46962x1_P46963x1_Q03957x1_pool_output/assembled_results/output_clustered_0.pdb,83.2943,false,/cluster/project/beltrao/kdammer/master_thesis/data/Pipeline/19_CP_pae_plddt_trimmed/CombFold/P46962x1_P46963x1_Q03957x1_pool_output/us_align_plddt_trimmed/output_clustered_0,0.8213,1.0,0.0,1147,942,942,7.188200000000009
CPX-581,4,P15790x2_P19454x2_P38930x2_P43639x2,pred_1,8,/cluster/project/beltrao/kdammer/master_thesis/data/Pipeline/18_CP_model_based_on_pae/CombFold/P15790x2_P19454x2_P38930x2_P43639x2_pool_output/assembled_results/output_clustered_0.pdb,83.811,true,/cluster/project/beltrao/kdammer/master_thesis/data/Pipeline/19_CP_pae_plddt_trimmed/CombFold/P15790x2_P19454x2_P38930x2_P43639x2_pool_output/assembled_results/output_clustered_1.pdb,83.9211,false,/cluster/project/beltrao/kdammer/master_thesis/data/Pipeline/19_CP_pae_plddt_trimmed/CombFold/P15790x2_P19454x2_P38930x2_P43639x2_pool_output/us_align_plddt_trimmed/output_clustered_1,0.9543,1.0,0.03,2494,2380,2380,0.11009999999998854
CPX-607,7,P32381x1_P33204x1_P38328x1_P40518x1_P47117x1_P53731x1_Q05933x1,pred_1,7,/cluster/project/beltrao/kdammer/master_thesis/data/Pipeline/18_CP_model_based_on_pae/CombFold/P32381x1_P33204x1_P38328x1_P40518x1_P47117x1_P53731x1_Q05933x1_pool_output/assembled_results/output_clustered_0.pdb,84.3535,true,/cluster/project/beltrao/kdammer/master_thesis/data/Pipeline/19_CP_pae_plddt_trimmed/CombFold/P32381x1_P33204x1_P38328x1_P40518x1_P47117x1_P53731x1_Q05933x1_pool_output/assembled_results/output_clustered_0.pdb,84.5938,false,/cluster/project/beltrao/kdammer/master_thesis/data/Pipeline/19_CP_pae_plddt_trimmed/CombFold/P32381x1_P33204x1_P38328x1_P40518x1_P47117x1_P53731x1_Q05933x1_pool_output/us_align_plddt_trimmed/output_clustered_0,0.9937,1.0,0.0,2069,2056,2056,0.24030000000000484
CPX-1040,3,P17883x1_P35207x1_Q02793x1,pred_2,3,/cluster/project/beltrao/kdammer/master_thesis/data/Pipeline/18_CP_model_based_on_pae/CombFold/P17883x1_P35207x1_Q02793x1_pool_output/assembled_results/output_clustered_0.pdb,78.8456,true,/cluster/project/beltrao/kdammer/master_thesis/data/Pipeline/19_CP_pae_plddt_trimmed/CombFold/P17883x1_P35207x1_Q02793x1_pool_output/assembled_results/output_clustered_0.pdb,79.0056,false,/cluster/project/beltrao/kdammer/master_thesis/data/Pipeline/19_CP_pae_plddt_trimmed/CombFold/P17883x1_P35207x1_Q02793x1_pool_output/us_align_plddt_trimmed/output_clustered_0,0.9981,1.0,0.0,3116,3110,3110,0.1599999999999966
CPX-1103,4,P09938x1_P21524x1_P21672x1_P49723x1,true,4,/cluster/project/beltrao/kdammer/master_thesis/data/Pipeline/18_CP_model_based_on_pae/CombFold/P09938x1_P21524x1_P21672x1_P49723x1_pool_output/assembled_results/output_clustered_0.pdb,87.8496,true,/cluster/project/beltrao/kdammer/master_thesis/data/Pipeline/19_CP_pae_plddt_trimmed/CombFold/P09938x1_P21524x1_P21672x1_P49723x1_pool_output/assembled_results/output_clustered_0.pdb,87.7807,false,/cluster/project/beltrao/kdammer/master_thesis/data/Pipeline/19_CP_pae_plddt_trimmed/CombFold/P09938x1_P21524x1_P21672x1_P49723x1_pool_output/us_align_plddt_trimmed/output_clustered_0,0.9256,1.0,0.0,2501,2315,2315,-0.0688999999999993
CPX-1863,3,P20604x1_P40454x1_Q04372x1,pred_1,3,/cluster/project/beltrao/kdammer/master_thesis/data/Pipeline/18_CP_model_based_on_pae/CombFold/P20604x1_P40454x1_Q04372x1_pool_output/assembled_results/output_clustered_0.pdb,75.6472,true,/cluster/project/beltrao/kdammer/master_thesis/data/Pipeline/19_CP_pae_plddt_trimmed/CombFold/P20604x1_P40454x1_Q04372x1_pool_output/assembled_results/output_clustered_0.pdb,77.4139,false,/cluster/project/beltrao/kdammer/master_thesis/data/Pipeline/19_CP_pae_plddt_trimmed/CombFold/P20604x1_P40454x1_Q04372x1_pool_output/us_align_plddt_trimmed/output_clustered_0,0.9626,1.0,0.0,1070,1030,1030,1.7667000000000002
CPX-572,3,P06244x2_P06245x2_P07278x2,pred_2,6,/cluster/project/beltrao/kdammer/master_thesis/data/Pipeline/18_CP_model_based_on_pae/CombFold/P06244x2_P06245x2_P07278x2_pool_output/assembled_results/output_clustered_0.pdb,78.3761,true,/cluster/project/beltrao/kdammer/master_thesis/data/Pipeline/19_CP_pae_plddt_trimmed/CombFold/P06244x2_P06245x2_P07278x2_pool_output/assembled_results/output_clustered_0.pdb,78.4781,false,/cluster/project/beltrao/kdammer/master_thesis/data/Pipeline/19_CP_pae_plddt_trimmed/CombFold/P06244x2_P06245x2_P07278x2_pool_output/us_align_plddt_trimmed/output_clustered_0,0.922,1.0,0.0,2386,2200,2200,0.10200000000000387
CPX-1649,3,P40565x1_P46947x1_Q07930x1,pred_1,3,/cluster/project/beltrao/kdammer/master_thesis/data/Pipeline/18_CP_model_based_on_pae/CombFold/P40565x1_P46947x1_Q07930x1_pool_output/assembled_results/output_clustered_0.pdb,81.7214,true,/cluster/project/beltrao/kdammer/master_thesis/data/Pipeline/19_CP_pae_plddt_trimmed/CombFold/P40565x1_P46947x1_Q07930x1_pool_output/assembled_results/output_clustered_0.pdb,81.8956,false,/cluster/project/beltrao/kdammer/master_thesis/data/Pipeline/19_CP_pae_plddt_trimmed/CombFold/P40565x1_P46947x1_Q07930x1_pool_output/us_align_plddt_trimmed/output_clustered_0,0.9547,1.0,0.0,618,590,590,0.17419999999999902
CPX-342,3,P00546x1_P20438x1_P20486x1,pred_1,3,/cluster/project/beltrao/kdammer/master_thesis/data/Pipeline/18_CP_model_based_on_pae/CombFold/P00546x1_P20438x1_P20486x1_pool_output/assembled_results/output_clustered_0.pdb,72.3574,true,/cluster/project/beltrao/kdammer/master_thesis/data/Pipeline/19_CP_pae_plddt_trimmed/CombFold/P00546x1_P20438x1_P20486x1_pool_output/assembled_results/output_clustered_0.pdb,74.8096,false,/cluster/project/beltrao/kdammer/master_thesis/data/Pipeline/19_CP_pae_plddt_trimmed/CombFold/P00546x1_P20438x1_P20486x1_pool_output/us_align_plddt_trimmed/output_clustered_0,0.7956,1.0,0.0,993,790,790,2.452200000000005
CPX-1421,5,P34241x2_P47108x1_P53734x1_Q05942x1_Q08287x1,pred_2,6,/cluster/project/beltrao/kdammer/master_thesis/data/Pipeline/18_CP_model_based_on_pae/CombFold/P34241x2_P47108x1_P53734x1_Q05942x1_Q08287x1_pool_output/assembled_results/output_clustered_3.pdb,75.6812,true,/cluster/project/beltrao/kdammer/master_thesis/data/Pipeline/19_CP_pae_plddt_trimmed/CombFold/P34241x2_P47108x1_P53734x1_Q05942x1_Q08287x1_pool_output/assembled_results/output_clustered_1.pdb,76.2244,false,/cluster/project/beltrao/kdammer/master_thesis/data/Pipeline/19_CP_pae_plddt_trimmed/CombFold/P34241x2_P47108x1_P53734x1_Q05942x1_Q08287x1_pool_output/us_align_plddt_trimmed/output_clustered_1,0.9539,1.0,0.05,6035,5757,5757,0.5431999999999988
CPX-1809,3,P21651x3_P29467x1_P32841x1,pred_3,5,/cluster/project/beltrao/kdammer/master_thesis/data/Pipeline/18_CP_model_based_on_pae/CombFold/P21651x3_P29467x1_P32841x1_pool_output/assembled_results/output_clustered_0.pdb,61.3162,true,/cluster/project/beltrao/kdammer/master_thesis/data/Pipeline/19_CP_pae_plddt_trimmed/CombFold/P21651x3_P29467x1_P32841x1_pool_output/assembled_results/output_clustered_0.pdb,66.399,false,/cluster/project/beltrao/kdammer/master_thesis/data/Pipeline/19_CP_pae_plddt_trimmed/CombFold/P21651x3_P29467x1_P32841x1_pool_output/us_align_plddt_trimmed/output_clustered_0,0.7818,1.0,0.01,1778,1390,1390,5.082799999999999
CPX-781,3,P23059x1_Q02197x1_Q03503x1,pred_1,3,/cluster/project/beltrao/kdammer/master_thesis/data/Pipeline/18_CP_model_based_on_pae/CombFold/P23059x1_Q02197x1_Q03503x1_pool_output/assembled_results/output_clustered_0.pdb,82.2127,true,/cluster/project/beltrao/kdammer/master_thesis/data/Pipeline/19_CP_pae_plddt_trimmed/CombFold/P23059x1_Q02197x1_Q03503x1_pool_output/assembled_results/output_clustered_0.pdb,82.4354,false,/cluster/project/beltrao/kdammer/master_thesis/data/Pipeline/19_CP_pae_plddt_trimmed/CombFold/P23059x1_Q02197x1_Q03503x1_pool_output/us_align_plddt_trimmed/output_clustered_0,0.9779,1.0,0.0,997,975,975,0.22270000000000323
CPX-1835,4,P15367x1_P46965x1_Q04969x1_Q12133x1,pred_1,4,/cluster/project/beltrao/kdammer/master_thesis/data/Pipeline/18_CP_model_based_on_pae/CombFold/P15367x1_P46965x1_Q04969x1_Q12133x1_pool_output/assembled_results/output_clustered_0.pdb,82.3004,true,/cluster/project/beltrao/kdammer/master_thesis/data/Pipeline/19_CP_pae_plddt_trimmed/CombFold/P15367x1_P46965x1_Q04969x1_Q12133x1_pool_output/assembled_results/output_clustered_0.pdb,83.2623,false,/cluster/project/beltrao/kdammer/master_thesis/data/Pipeline/19_CP_pae_plddt_trimmed/CombFold/P15367x1_P46965x1_Q04969x1_Q12133x1_pool_output/us_align_plddt_trimmed/output_clustered_0,0.9823,1.0,0.0,623,612,612,0.9619
CPX-599,11,P25359x1_P38792x1_P46948x1_P48240x1_P53256x1_P53859x1_Q05636x1_Q08162x1_Q08285x1_Q12149x1_Q12277x1,pred_1,11,/cluster/project/beltrao/kdammer/master_thesis/data/Pipeline/18_CP_model_based_on_pae/CombFold/P25359x1_P38792x1_P46948x1_P48240x1_P53256x1_P53859x1_Q05636x1_Q08162x1_Q08285x1_Q12149x1_Q12277x1_pool_output/assembled_results/output_clustered_0.pdb,86.3369,true,/cluster/project/beltrao/kdammer/master_thesis/data/Pipeline/19_CP_pae_plddt_trimmed/CombFold/P25359x1_P38792x1_P46948x1_P48240x1_P53256x1_P53859x1_Q05636x1_Q08162x1_Q08285x1_Q12149x1_Q12277x1_pool_output/assembled_results/output_clustered_0.pdb,86.5925,false,/cluster/project/beltrao/kdammer/master_thesis/data/Pipeline/19_CP_pae_plddt_trimmed/CombFold/P25359x1_P38792x1_P46948x1_P48240x1_P53256x1_P53859x1_Q05636x1_Q08162x1_Q08285x1_Q12149x1_Q12277x1_pool_output/us_align_plddt_trimmed/output_clustered_0,0.9933,1.0,0.0,4308,4279,4279,0.25560000000000116
CPX-574,3,P05986x2_P06245x2_P07278x1,pred_2,5,/cluster/project/beltrao/kdammer/master_thesis/data/Pipeline/18_CP_model_based_on_pae/CombFold/P05986x2_P06245x2_P07278x1_pool_output/assembled_results/output_clustered_0.pdb,80.3898,true,/cluster/project/beltrao/kdammer/master_thesis/data/Pipeline/19_CP_pae_plddt_trimmed/CombFold/P05986x2_P06245x2_P07278x1_pool_output/assembled_results/output_clustered_0.pdb,80.4093,false,/cluster/project/beltrao/kdammer/master_thesis/data/Pipeline/19_CP_pae_plddt_trimmed/CombFold/P05986x2_P06245x2_P07278x1_pool_output/us_align_plddt_trimmed/output_clustered_0,0.964,1.0,0.0,1972,1901,1901,0.019500000000007844
CPX-1422,3,P36097x2_P47168x2_P53038x1,pred_2,5,/cluster/project/beltrao/kdammer/master_thesis/data/Pipeline/18_CP_model_based_on_pae/CombFold/P36097x2_P47168x2_P53038x1_pool_output/assembled_results/output_clustered_0.pdb,76.8341,true,/cluster/project/beltrao/kdammer/master_thesis/data/Pipeline/19_CP_pae_plddt_trimmed/CombFold/P36097x2_P47168x2_P53038x1_pool_output/assembled_results/output_clustered_0.pdb,76.8342,false,/cluster/project/beltrao/kdammer/master_thesis/data/Pipeline/19_CP_pae_plddt_trimmed/CombFold/P36097x2_P47168x2_P53038x1_pool_output/us_align_plddt_trimmed/output_clustered_0,0.9981,1.0,0.0,3606,3599,3599,0.0000999999999891088
CPX-533,4,P35181x2_P36000x1_P38700x1_Q12028x1,pred_2,5,/cluster/project/beltrao/kdammer/master_thesis/data/Pipeline/18_CP_model_based_on_pae/CombFold/P35181x2_P36000x1_P38700x1_Q12028x1_pool_output/assembled_results/output_clustered_0.pdb,74.8729,true,/cluster/project/beltrao/kdammer/master_thesis/data/Pipeline/19_CP_pae_plddt_trimmed/CombFold/P35181x2_P36000x1_P38700x1_Q12028x1_pool_output/assembled_results/output_clustered_0.pdb,77.5888,false,/cluster/project/beltrao/kdammer/master_thesis/data/Pipeline/19_CP_pae_plddt_trimmed/CombFold/P35181x2_P36000x1_P38700x1_Q12028x1_pool_output/us_align_plddt_trimmed/output_clustered_0,0.9604,1.0,0.0,2475,2377,2377,2.715900000000005
CPX-416,3,P33893x1_P53260x1_Q03557x1,pred_1,3,/cluster/project/beltrao/kdammer/master_thesis/data/Pipeline/18_CP_model_based_on_pae/CombFold/P33893x1_P53260x1_Q03557x1_pool_output/assembled_results/output_clustered_0.pdb,87.0989,true,/cluster/project/beltrao/kdammer/master_thesis/data/Pipeline/19_CP_pae_plddt_trimmed/CombFold/P33893x1_P53260x1_Q03557x1_pool_output/assembled_results/output_clustered_0.pdb,87.7216,false,/cluster/project/beltrao/kdammer/master_thesis/data/Pipeline/19_CP_pae_plddt_trimmed/CombFold/P33893x1_P53260x1_Q03557x1_pool_output/us_align_plddt_trimmed/output_clustered_0,0.9529,1.0,0.0,1188,1132,1132,0.6226999999999947
CPX-431,3,P07260x1_P10081x2_P39936x1,pred_2,4,/cluster/project/beltrao/kdammer/master_thesis/data/Pipeline/18_CP_model_based_on_pae/CombFold/P07260x1_P10081x2_P39936x1_pool_output/assembled_results/output_clustered_0.pdb,74.3327,true,/cluster/project/beltrao/kdammer/master_thesis/data/Pipeline/19_CP_pae_plddt_trimmed/CombFold/P07260x1_P10081x2_P39936x1_pool_output/assembled_results/output_clustered_0.pdb,74.5844,false,/cluster/project/beltrao/kdammer/master_thesis/data/Pipeline/19_CP_pae_plddt_trimmed/CombFold/P07260x1_P10081x2_P39936x1_pool_output/us_align_plddt_trimmed/output_clustered_0,0.9014,1.0,0.0,1917,1728,1728,0.2516999999999996
CPX-995,5,P36132x1_P46984x1_P53323x1_Q03705x1_Q3E833x1,pred_1,5,/cluster/project/beltrao/kdammer/master_thesis/data/Pipeline/18_CP_model_based_on_pae/CombFold/P36132x1_P46984x1_P53323x1_Q03705x1_Q3E833x1_pool_output/assembled_results/output_clustered_0.pdb,82.6505,true,/cluster/project/beltrao/kdammer/master_thesis/data/Pipeline/19_CP_pae_plddt_trimmed/CombFold/P36132x1_P46984x1_P53323x1_Q03705x1_Q3E833x1_pool_output/assembled_results/output_clustered_0.pdb,83.9597,false,/cluster/project/beltrao/kdammer/master_thesis/data/Pipeline/19_CP_pae_plddt_trimmed/CombFold/P36132x1_P46984x1_P53323x1_Q03705x1_Q3E833x1_pool_output/us_align_plddt_trimmed/output_clustered_0,0.9817,1.0,0.0,1039,1020,1020,1.3092000000000041
CPX-1699,3,P00546x1_P20437x1_P20486x1,pred_1,3,/cluster/project/beltrao/kdammer/master_thesis/data/Pipeline/18_CP_model_based_on_pae/CombFold/P00546x1_P20437x1_P20486x1_pool_output/assembled_results/output_clustered_0.pdb,76.7555,true,/cluster/project/beltrao/kdammer/master_thesis/data/Pipeline/19_CP_pae_plddt_trimmed/CombFold/P00546x1_P20437x1_P20486x1_pool_output/assembled_results/output_clustered_0.pdb,77.8226,false,/cluster/project/beltrao/kdammer/master_thesis/data/Pipeline/19_CP_pae_plddt_trimmed/CombFold/P00546x1_P20437x1_P20486x1_pool_output/us_align_plddt_trimmed/output_clustered_0,0.8139,1.0,0.0,994,809,809,1.0670999999999964
CPX-3087,4,P38751x1_P38957x1_P40465x1_Q12318x1,pred_1,4,/cluster/project/beltrao/kdammer/master_thesis/data/Pipeline/18_CP_model_based_on_pae/CombFold/P38751x1_P38957x1_P40465x1_Q12318x1_pool_output/assembled_results/output_clustered_0.pdb,78.6784,true,/cluster/project/beltrao/kdammer/master_thesis/data/Pipeline/19_CP_pae_plddt_trimmed/CombFold/P38751x1_P38957x1_P40465x1_Q12318x1_pool_output/assembled_results/output_clustered_0.pdb,78.6559,false,/cluster/project/beltrao/kdammer/master_thesis/data/Pipeline/19_CP_pae_plddt_trimmed/CombFold/P38751x1_P38957x1_P40465x1_Q12318x1_pool_output/us_align_plddt_trimmed/output_clustered_0,0.9928,1.0,0.02,828,822,822,-0.022499999999993747
CPX-3212,4,P26449x1_P40957x1_P40958x1_P41695x1,true,4,/cluster/project/beltrao/kdammer/master_thesis/data/Pipeline/18_CP_model_based_on_pae/CombFold/P26449x1_P40957x1_P40958x1_P41695x1_pool_output/assembled_results/output_clustered_0.pdb,75.8855,true,/cluster/project/beltrao/kdammer/master_thesis/data/Pipeline/19_CP_pae_plddt_trimmed/CombFold/P26449x1_P40957x1_P40958x1_P41695x1_pool_output/assembled_results/output_clustered_0.pdb,76.0335,false,/cluster/project/beltrao/kdammer/master_thesis/data/Pipeline/19_CP_pae_plddt_trimmed/CombFold/P26449x1_P40957x1_P40958x1_P41695x1_pool_output/us_align_plddt_trimmed/output_clustered_0,0.9601,1.0,0.0,2307,2215,2215,0.14800000000001035
CPX-1892,3,P28627x1_P46972x1_Q05676x1,pred_1,3,/cluster/project/beltrao/kdammer/master_thesis/data/Pipeline/18_CP_model_based_on_pae/CombFold/P28627x1_P46972x1_Q05676x1_pool_output/assembled_results/output_clustered_0.pdb,85.3508,true,/cluster/project/beltrao/kdammer/master_thesis/data/Pipeline/19_CP_pae_plddt_trimmed/CombFold/P28627x1_P46972x1_Q05676x1_pool_output/assembled_results/output_clustered_0.pdb,85.499,false,/cluster/project/beltrao/kdammer/master_thesis/data/Pipeline/19_CP_pae_plddt_trimmed/CombFold/P28627x1_P46972x1_Q05676x1_pool_output/us_align_plddt_trimmed/output_clustered_0,0.9592,1.0,0.0,441,423,423,0.14819999999998856
CPX-1653,5,P32913x1_P34110x1_P38759x1_P40335x1_Q92331x1,pred_2,5,/cluster/project/beltrao/kdammer/master_thesis/data/Pipeline/18_CP_model_based_on_pae/CombFold/P32913x1_P34110x1_P38759x1_P40335x1_Q92331x1_pool_output/assembled_results/output_clustered_1.pdb,77.8969,true,/cluster/project/beltrao/kdammer/master_thesis/data/Pipeline/19_CP_pae_plddt_trimmed/CombFold/P32913x1_P34110x1_P38759x1_P40335x1_Q92331x1_pool_output/assembled_results/output_clustered_1.pdb,82.819,false,/cluster/project/beltrao/kdammer/master_thesis/data/Pipeline/19_CP_pae_plddt_trimmed/CombFold/P32913x1_P34110x1_P38759x1_P40335x1_Q92331x1_pool_output/us_align_plddt_trimmed/output_clustered_1,0.9661,1.0,0.05,2831,2735,2735,4.9221
CPX-1028,3,P40527x1_P48563x1_Q03921x1,pred_1,3,/cluster/project/beltrao/kdammer/master_thesis/data/Pipeline/18_CP_model_based_on_pae/CombFold/P40527x1_P48563x1_Q03921x1_pool_output/assembled_results/output_clustered_0.pdb,75.2924,true,/cluster/project/beltrao/kdammer/master_thesis/data/Pipeline/19_CP_pae_plddt_trimmed/CombFold/P40527x1_P48563x1_Q03921x1_pool_output/assembled_results/output_clustered_0.pdb,75.2635,false,/cluster/project/beltrao/kdammer/master_thesis/data/Pipeline/19_CP_pae_plddt_trimmed/CombFold/P40527x1_P48563x1_Q03921x1_pool_output/us_align_plddt_trimmed/output_clustered_0,0.9911,1.0,0.0,4485,4445,4445,-0.028900000000007253
CPX-1708,3,P06777x1_P06838x1_P28519x1,pred_1,3,/cluster/project/beltrao/kdammer/master_thesis/data/Pipeline/18_CP_model_based_on_pae/CombFold/P06777x1_P06838x1_P28519x1_pool_output/assembled_results/output_clustered_1.pdb,78.595,true,/cluster/project/beltrao/kdammer/master_thesis/data/Pipeline/19_CP_pae_plddt_trimmed/CombFold/P06777x1_P06838x1_P28519x1_pool_output/assembled_results/output_clustered_1.pdb,78.5727,false,/cluster/project/beltrao/kdammer/master_thesis/data/Pipeline/19_CP_pae_plddt_trimmed/CombFold/P06777x1_P06838x1_P28519x1_pool_output/us_align_plddt_trimmed/output_clustered_1,0.9696,1.0,0.05,1681,1630,1630,-0.02230000000000132
CPX-1198,3,P38863x1_P53378x2_P53540x1,true,4,/cluster/project/beltrao/kdammer/master_thesis/data/Pipeline/18_CP_model_based_on_pae/CombFold/P38863x1_P53378x2_P53540x1_pool_output/assembled_results/output_clustered_0.pdb,77.431,true,/cluster/project/beltrao/kdammer/master_thesis/data/Pipeline/19_CP_pae_plddt_trimmed/CombFold/P38863x1_P53378x2_P53540x1_pool_output/assembled_results/output_clustered_0.pdb,78.7169,false,/cluster/project/beltrao/kdammer/master_thesis/data/Pipeline/19_CP_pae_plddt_trimmed/CombFold/P38863x1_P53378x2_P53540x1_pool_output/us_align_plddt_trimmed/output_clustered_0,0.9935,1.0,0.0,2615,2598,2598,1.285899999999998
CPX-393,3,P36024x1_P36076x1_Q08438x1,true,3,/cluster/project/beltrao/kdammer/master_thesis/data/Pipeline/18_CP_model_based_on_pae/CombFold/P36024x1_P36076x1_Q08438x1_pool_output/assembled_results/output_clustered_0.pdb,85.8942,true,/cluster/project/beltrao/kdammer/master_thesis/data/Pipeline/19_CP_pae_plddt_trimmed/CombFold/P36024x1_P36076x1_Q08438x1_pool_output/assembled_results/output_clustered_0.pdb,86.0042,false,/cluster/project/beltrao/kdammer/master_thesis/data/Pipeline/19_CP_pae_plddt_trimmed/CombFold/P36024x1_P36076x1_Q08438x1_pool_output/us_align_plddt_trimmed/output_clustered_0,0.4958,1.0,0.0,1807,896,896,0.10999999999999943
CPX-1365,3,P31109x1_P32867x1_P40357x1,pred_1,3,/cluster/project/beltrao/kdammer/master_thesis/data/Pipeline/18_CP_model_based_on_pae/CombFold/P31109x1_P32867x1_P40357x1_pool_output/assembled_results/output_clustered_0.pdb,78.7512,true,/cluster/project/beltrao/kdammer/master_thesis/data/Pipeline/19_CP_pae_plddt_trimmed/CombFold/P31109x1_P32867x1_P40357x1_pool_output/assembled_results/output_clustered_0.pdb,78.9698,false,/cluster/project/beltrao/kdammer/master_thesis/data/Pipeline/19_CP_pae_plddt_trimmed/CombFold/P31109x1_P32867x1_P40357x1_pool_output/us_align_plddt_trimmed/output_clustered_0,0.9603,1.0,0.0,1058,1016,1016,0.21860000000000923
CPX-783,3,P07347x1_P12945x2_Q08689x1,pred_3,4,/cluster/project/beltrao/kdammer/master_thesis/data/Pipeline/18_CP_model_based_on_pae/CombFold/P07347x1_P12945x2_Q08689x1_pool_output/assembled_results/output_clustered_0.pdb,86.2984,true,/cluster/project/beltrao/kdammer/master_thesis/data/Pipeline/19_CP_pae_plddt_trimmed/CombFold/P07347x1_P12945x2_Q08689x1_pool_output/assembled_results/output_clustered_0.pdb,86.2993,false,/cluster/project/beltrao/kdammer/master_thesis/data/Pipeline/19_CP_pae_plddt_trimmed/CombFold/P07347x1_P12945x2_Q08689x1_pool_output/us_align_plddt_trimmed/output_clustered_0,0.9826,1.0,0.0,2122,2085,2085,0.0009000000000014552
CPX-2101,3,P15436x1_P46957x1_P47110x1,pred_1,3,/cluster/project/beltrao/kdammer/master_thesis/data/Pipeline/18_CP_model_based_on_pae/CombFold/P15436x1_P46957x1_P47110x1_pool_output/assembled_results/output_clustered_1.pdb,75.2649,true,/cluster/project/beltrao/kdammer/master_thesis/data/Pipeline/19_CP_pae_plddt_trimmed/CombFold/P15436x1_P46957x1_P47110x1_pool_output/assembled_results/output_clustered_0.pdb,78.3725,false,/cluster/project/beltrao/kdammer/master_thesis/data/Pipeline/19_CP_pae_plddt_trimmed/CombFold/P15436x1_P46957x1_P47110x1_pool_output/us_align_plddt_trimmed/output_clustered_0,0.9385,1.0,0.0,1934,1815,1815,3.107600000000005
CPX-534,4,P27351x1_P38065x1_Q00381x1_Q99186x1,pred_1,4,/cluster/project/beltrao/kdammer/master_thesis/data/Pipeline/18_CP_model_based_on_pae/CombFold/P27351x1_P38065x1_Q00381x1_Q99186x1_pool_output/assembled_results/output_clustered_0.pdb,79.1501,true,/cluster/project/beltrao/kdammer/master_thesis/data/Pipeline/19_CP_pae_plddt_trimmed/CombFold/P27351x1_P38065x1_Q00381x1_Q99186x1_pool_output/assembled_results/output_clustered_0.pdb,79.1647,false,/cluster/project/beltrao/kdammer/master_thesis/data/Pipeline/19_CP_pae_plddt_trimmed/CombFold/P27351x1_P38065x1_Q00381x1_Q99186x1_pool_output/us_align_plddt_trimmed/output_clustered_0,0.9623,1.0,0.0,2363,2274,2274,0.0146000000000015
CPX-1660,3,P06242x1_P37366x1_Q03290x1,pred_1,3,/cluster/project/beltrao/kdammer/master_thesis/data/Pipeline/18_CP_model_based_on_pae/CombFold/P06242x1_P37366x1_Q03290x1_pool_output/assembled_results/output_clustered_0.pdb,83.5997,true,/cluster/project/beltrao/kdammer/master_thesis/data/Pipeline/19_CP_pae_plddt_trimmed/CombFold/P06242x1_P37366x1_Q03290x1_pool_output/assembled_results/output_clustered_0.pdb,83.5875,false,/cluster/project/beltrao/kdammer/master_thesis/data/Pipeline/19_CP_pae_plddt_trimmed/CombFold/P06242x1_P37366x1_Q03290x1_pool_output/us_align_plddt_trimmed/output_clustered_0,0.9578,1.0,0.0,1020,977,977,-0.012199999999992883
CPX-1380,3,P23594x2_Q04372x1_Q12461x1,pred_3,4,/cluster/project/beltrao/kdammer/master_thesis/data/Pipeline/18_CP_model_based_on_pae/CombFold/P23594x2_Q04372x1_Q12461x1_pool_output/assembled_results/output_clustered_2.pdb,76.7453,true,/cluster/project/beltrao/kdammer/master_thesis/data/Pipeline/19_CP_pae_plddt_trimmed/CombFold/P23594x2_Q04372x1_Q12461x1_pool_output/assembled_results/output_clustered_1.pdb,77.0447,false,/cluster/project/beltrao/kdammer/master_thesis/data/Pipeline/19_CP_pae_plddt_trimmed/CombFold/P23594x2_Q04372x1_Q12461x1_pool_output/us_align_plddt_trimmed/output_clustered_1,0.9432,1.0,0.0,1462,1379,1379,0.29940000000000566
CPX-3234,5,P07834x1_P14682x1_P52286x1_Q08273x1_Q12018x1,pred_1,5,/cluster/project/beltrao/kdammer/master_thesis/data/Pipeline/18_CP_model_based_on_pae/CombFold/P07834x1_P14682x1_P52286x1_Q08273x1_Q12018x1_pool_output/assembled_results/output_clustered_0.pdb,77.7577,true,,,false,,,,,,,,
CPX-397,3,Q06410x2_Q12092x1_Q12421x2,pred_1,5,/cluster/project/beltrao/kdammer/master_thesis/data/Pipeline/18_CP_model_based_on_pae/CombFold/Q06410x2_Q12092x1_Q12421x2_pool_output/assembled_results/output_clustered_0.pdb,79.6546,false,,,false,,,,,,,,
CPX-1423,4,P0CS90x2_P32335x2_P39103x2_Q3E7B2x2,pred_1,8,/cluster/project/beltrao/kdammer/master_thesis/data/Pipeline/18_CP_model_based_on_pae/CombFold/P0CS90x2_P32335x2_P39103x2_Q3E7B2x2_pool_output/assembled_results/output_clustered_3.pdb,75.8711,false,,,false,,,,,,,,
CPX-576,3,P13574x1_P18412x1_Q03063x1,pred_2,3,/cluster/project/beltrao/kdammer/master_thesis/data/Pipeline/18_CP_model_based_on_pae/CombFold/P13574x1_P18412x1_Q03063x1_pool_output/assembled_results/output_clustered_0.pdb,48.467,true,,,false,,,,,,,,
CPX-1602,47,O14464x1_P12687x1_P14063x1_P19956x1_P20084x1_P22353x1_P22354x1_P23369x1_P25348x1_P25626x1_P25642x1_P31334x1_P32387x1_P32388x1_P32611x1_P32904x1_P35996x1_P36516x1_P36517x1_P36519x1_P36520x1_P36521x1_P36523x1_P36525x1_P36526x1_P36527x1_P36528x1_P36531x1_P36532x1_P36533x1_P36534x1_P38064x1_P40858x1_P51998x1_P53163x2_P53724x1_P53875x1_P53881x1_P53921x1_Q02204x1_Q04598x1_Q04599x1_Q06090x1_Q06630x1_Q06678x1_Q12487x1,pred_2,47,/cluster/project/beltrao/kdammer/master_thesis/data/Pipeline/18_CP_model_based_on_pae/CombFold/O14464x1_P12687x1_P14063x1_P19956x1_P20084x1_P22353x1_P22354x1_P23369x1_P25348x1_P25626x1_P25642x1_P31334x1_P32387x1_P32388x1_P32611x1_P32904x1_P35996x1_P36516x1_P36517x1_P36519x1__735affe349ad_pool_output/assembled_results/output_clustered_0.pdb,89.1963,true,/cluster/project/beltrao/kdammer/master_thesis/data/Pipeline/19_CP_pae_plddt_trimmed/CombFold/O14464x1_P12687x1_P14063x1_P19956x1_P20084x1_P22353x1_P22354x1_P23369x1_P25348x1_P25626x1_P25642x1_P31334x1_P32387x1_P32388x1_P32611x1_P32904x1_P35996x1_P36516x1_P36517x1_P36519x1__735affe349ad_pool_output/assembled_results/output_clustered_0.pdb,89.5025,true,,,,,,,,0.306200000000004
CPX-1293,4,P09624x2_P19262x2_P19955x1_P20967x1,pred_3,6,/cluster/project/beltrao/kdammer/master_thesis/data/Pipeline/18_CP_model_based_on_pae/CombFold/P09624x2_P19262x2_P19955x1_P20967x1_pool_output/assembled_results/output_clustered_0.pdb,74.6378,true,,,false,,,,,,,,
CPX-575,3,P13574x1_Q03063x2_Q03373x1,pred_3,4,/cluster/project/beltrao/kdammer/master_thesis/data/Pipeline/18_CP_model_based_on_pae/CombFold/P13574x1_Q03063x2_Q03373x1_pool_output/assembled_results/output_clustered_0.pdb,48.039,true,,,false,,,,,,,,
CPX-36,3,P27637x2_P38853x2_P50090x1,true,5,/cluster/project/beltrao/kdammer/master_thesis/data/Pipeline/18_CP_model_based_on_pae/CombFold/P27637x2_P38853x2_P50090x1_pool_output/assembled_results/output_clustered_0.pdb,56.8417,true,,,false,,,,,,,,
CPX-5466,3,P32867x1_P33328x1_Q04359x1,pred_1,3,/cluster/project/beltrao/kdammer/master_thesis/data/Pipeline/18_CP_model_based_on_pae/CombFold/P32867x1_P33328x1_Q04359x1_pool_output/assembled_results/output_clustered_0.pdb,79.5297,true,,,false,,,,,,,,
